class_name,source_path,edge_path,width,height,threshold,edge_count,edge_density,edge_bin_0,edge_bin_45,edge_bin_90,edge_bin_135
camel,D:\CSDLDPT\data_processed_gray_bmp\camel\camel_0001.bmp,D:\CSDLDPT\data_processed_edge_bmp\camel\camel_0001.bmp,224,224,20,5715,0.113899,0.312339,0.226268,0.205878,0.255515
camel,D:\CSDLDPT\data_processed_gray_bmp\camel\camel_0002.bmp,D:\CSDLDPT\data_processed_edge_bmp\camel\camel_0002.bmp,224,224,20,9295,0.185248,0.274873,0.162427,0.294835,0.267864
camel,D:\CSDLDPT\data_processed_gray_bmp\camel\camel_0003.bmp,D:\CSDLDPT\data_processed_edge_bmp\camel\camel_0003.bmp,224,224,20,6878,0.137077,0.351426,0.197018,0.182224,0.269332
camel,D:\CSDLDPT\data_processed_gray_bmp\camel\camel_0004.bmp,D:\CSDLDPT\data_processed_edge_bmp\camel\camel_0004.bmp,224,224,20,7313,0.145747,0.297668,0.170449,0.325617,0.206266
camel,D:\CSDLDPT\data_processed_gray_bmp\camel\camel_0005.bmp,D:\CSDLDPT\data_processed_edge_bmp\camel\camel_0005.bmp,224,224,20,6227,0.124103,0.234318,0.256589,0.286968,0.222125
camel,D:\CSDLDPT\data_processed_gray_bmp\camel\camel_0006.bmp,D:\CSDLDPT\data_processed_edge_bmp\camel\camel_0006.bmp,224,224,20,10253,0.204341,0.344848,0.204766,0.263565,0.186820
camel,D:\CSDLDPT\data_processed_gray_bmp\camel\camel_0007.bmp,D:\CSDLDPT\data_processed_edge_bmp\camel\camel_0007.bmp,224,224,20,7579,0.151048,0.332860,0.261773,0.168189,0.237179
camel,D:\CSDLDPT\data_processed_gray_bmp\camel\camel_0008.bmp,D:\CSDLDPT\data_processed_edge_bmp\camel\camel_0008.bmp,224,224,20,7331,0.146106,0.337069,0.188950,0.238261,0.235720
camel,D:\CSDLDPT\data_processed_gray_bmp\camel\camel_0009.bmp,D:\CSDLDPT\data_processed_edge_bmp\camel\camel_0009.bmp,224,224,20,11256,0.224330,0.248464,0.186943,0.347476,0.217117
camel,D:\CSDLDPT\data_processed_gray_bmp\camel\camel_0010.bmp,D:\CSDLDPT\data_processed_edge_bmp\camel\camel_0010.bmp,224,224,20,1609,0.032067,0.228520,0.215566,0.211193,0.344721
camel,D:\CSDLDPT\data_processed_gray_bmp\camel\camel_0011.bmp,D:\CSDLDPT\data_processed_edge_bmp\camel\camel_0011.bmp,224,224,20,5116,0.101961,0.313392,0.161222,0.240897,0.284488
camel,D:\CSDLDPT\data_processed_gray_bmp\camel\camel_0012.bmp,D:\CSDLDPT\data_processed_edge_bmp\camel\camel_0012.bmp,224,224,20,6451,0.128567,0.312337,0.194668,0.199869,0.293127
camel,D:\CSDLDPT\data_processed_gray_bmp\camel\camel_0013.bmp,D:\CSDLDPT\data_processed_edge_bmp\camel\camel_0013.bmp,224,224,20,4636,0.092395,0.320414,0.169001,0.282509,0.228076
camel,D:\CSDLDPT\data_processed_gray_bmp\camel\camel_0014.bmp,D:\CSDLDPT\data_processed_edge_bmp\camel\camel_0014.bmp,224,224,20,8914,0.177655,0.324846,0.232150,0.246182,0.196822
camel,D:\CSDLDPT\data_processed_gray_bmp\camel\camel_0015.bmp,D:\CSDLDPT\data_processed_edge_bmp\camel\camel_0015.bmp,224,224,20,6110,0.121771,0.245976,0.234850,0.271006,0.248169
camel,D:\CSDLDPT\data_processed_gray_bmp\camel\camel_0016.bmp,D:\CSDLDPT\data_processed_edge_bmp\camel\camel_0016.bmp,224,224,20,9952,0.198342,0.284804,0.157220,0.320530,0.237447
camel,D:\CSDLDPT\data_processed_gray_bmp\camel\camel_0017.bmp,D:\CSDLDPT\data_processed_edge_bmp\camel\camel_0017.bmp,224,224,20,7870,0.156848,0.286735,0.255526,0.212368,0.245371
cat,D:\CSDLDPT\data_processed_gray_bmp\cat\cat_0001.bmp,D:\CSDLDPT\data_processed_edge_bmp\cat\cat_0001.bmp,224,224,20,4322,0.086137,0.391504,0.221278,0.151832,0.235386
cat,D:\CSDLDPT\data_processed_gray_bmp\cat\cat_0002.bmp,D:\CSDLDPT\data_processed_edge_bmp\cat\cat_0002.bmp,224,224,20,6377,0.127093,0.250639,0.290792,0.247240,0.211329
cat,D:\CSDLDPT\data_processed_gray_bmp\cat\cat_0003.bmp,D:\CSDLDPT\data_processed_edge_bmp\cat\cat_0003.bmp,224,224,20,6534,0.130222,0.271313,0.256285,0.252407,0.219995
cat,D:\CSDLDPT\data_processed_gray_bmp\cat\cat_0004.bmp,D:\CSDLDPT\data_processed_edge_bmp\cat\cat_0004.bmp,224,224,20,4936,0.098374,0.251521,0.209299,0.267579,0.271601
cat,D:\CSDLDPT\data_processed_gray_bmp\cat\cat_0005.bmp,D:\CSDLDPT\data_processed_edge_bmp\cat\cat_0005.bmp,224,224,20,3505,0.069854,0.210142,0.239866,0.328788,0.221204
cat,D:\CSDLDPT\data_processed_gray_bmp\cat\cat_0006.bmp,D:\CSDLDPT\data_processed_edge_bmp\cat\cat_0006.bmp,224,224,20,7074,0.140984,0.271174,0.300479,0.233021,0.195326
cat,D:\CSDLDPT\data_processed_gray_bmp\cat\cat_0007.bmp,D:\CSDLDPT\data_processed_edge_bmp\cat\cat_0007.bmp,224,224,20,7921,0.157864,0.252358,0.241230,0.266020,0.240391
cat,D:\CSDLDPT\data_processed_gray_bmp\cat\cat_0008.bmp,D:\CSDLDPT\data_processed_edge_bmp\cat\cat_0008.bmp,224,224,20,4610,0.091877,0.322607,0.244906,0.183793,0.248694
cat,D:\CSDLDPT\data_processed_gray_bmp\cat\cat_0009.bmp,D:\CSDLDPT\data_processed_edge_bmp\cat\cat_0009.bmp,224,224,20,4010,0.079919,0.240490,0.222773,0.325741,0.210996
cat,D:\CSDLDPT\data_processed_gray_bmp\cat\cat_0010.bmp,D:\CSDLDPT\data_processed_edge_bmp\cat\cat_0010.bmp,224,224,20,6055,0.120675,0.292970,0.240433,0.247186,0.219410
cat,D:\CSDLDPT\data_processed_gray_bmp\cat\cat_0011.bmp,D:\CSDLDPT\data_processed_edge_bmp\cat\cat_0011.bmp,224,224,20,9096,0.181282,0.308728,0.213502,0.233571,0.244200
cat,D:\CSDLDPT\data_processed_gray_bmp\cat\cat_0012.bmp,D:\CSDLDPT\data_processed_edge_bmp\cat\cat_0012.bmp,224,224,20,6621,0.131956,0.336896,0.237690,0.228133,0.197281
cat,D:\CSDLDPT\data_processed_gray_bmp\cat\cat_0013.bmp,D:\CSDLDPT\data_processed_edge_bmp\cat\cat_0013.bmp,224,224,20,6673,0.132992,0.286072,0.229226,0.271525,0.213177
cat,D:\CSDLDPT\data_processed_gray_bmp\cat\cat_0014.bmp,D:\CSDLDPT\data_processed_edge_bmp\cat\cat_0014.bmp,224,224,20,2824,0.056282,0.314690,0.268079,0.181589,0.235642
cat,D:\CSDLDPT\data_processed_gray_bmp\cat\cat_0015.bmp,D:\CSDLDPT\data_processed_edge_bmp\cat\cat_0015.bmp,224,224,20,6896,0.137436,0.241358,0.249907,0.274798,0.233938
cat,D:\CSDLDPT\data_processed_gray_bmp\cat\cat_0016.bmp,D:\CSDLDPT\data_processed_edge_bmp\cat\cat_0016.bmp,224,224,20,6158,0.122728,0.276723,0.211573,0.256152,0.255553
cat,D:\CSDLDPT\data_processed_gray_bmp\cat\cat_0017.bmp,D:\CSDLDPT\data_processed_edge_bmp\cat\cat_0017.bmp,224,224,20,6599,0.131517,0.212793,0.278083,0.249407,0.259718
cat,D:\CSDLDPT\data_processed_gray_bmp\cat\cat_0018.bmp,D:\CSDLDPT\data_processed_edge_bmp\cat\cat_0018.bmp,224,224,20,5068,0.101004,0.239759,0.228668,0.261210,0.270363
cat,D:\CSDLDPT\data_processed_gray_bmp\cat\cat_0019.bmp,D:\CSDLDPT\data_processed_edge_bmp\cat\cat_0019.bmp,224,224,20,3069,0.061165,0.368855,0.172128,0.238278,0.220739
cat,D:\CSDLDPT\data_processed_gray_bmp\cat\cat_0020.bmp,D:\CSDLDPT\data_processed_edge_bmp\cat\cat_0020.bmp,224,224,20,17504,0.348852,0.201592,0.266332,0.333999,0.198077
cat,D:\CSDLDPT\data_processed_gray_bmp\cat\cat_0021.bmp,D:\CSDLDPT\data_processed_edge_bmp\cat\cat_0021.bmp,224,224,20,21075,0.420022,0.266890,0.230284,0.247211,0.255614
cat,D:\CSDLDPT\data_processed_gray_bmp\cat\cat_0022.bmp,D:\CSDLDPT\data_processed_edge_bmp\cat\cat_0022.bmp,224,224,20,10536,0.209981,0.220951,0.286031,0.236992,0.256026
cat,D:\CSDLDPT\data_processed_gray_bmp\cat\cat_0023.bmp,D:\CSDLDPT\data_processed_edge_bmp\cat\cat_0023.bmp,224,224,20,16783,0.334483,0.227991,0.229634,0.279675,0.262700
cow,D:\CSDLDPT\data_processed_gray_bmp\cow\cow_0001.bmp,D:\CSDLDPT\data_processed_edge_bmp\cow\cow_0001.bmp,224,224,20,11793,0.235033,0.267320,0.182270,0.309084,0.241326
cow,D:\CSDLDPT\data_processed_gray_bmp\cow\cow_0002.bmp,D:\CSDLDPT\data_processed_edge_bmp\cow\cow_0002.bmp,224,224,20,8501,0.169424,0.329474,0.185264,0.241641,0.243621
cow,D:\CSDLDPT\data_processed_gray_bmp\cow\cow_0003.bmp,D:\CSDLDPT\data_processed_edge_bmp\cow\cow_0003.bmp,224,224,20,9338,0.186105,0.306222,0.223222,0.255091,0.215465
cow,D:\CSDLDPT\data_processed_gray_bmp\cow\cow_0004.bmp,D:\CSDLDPT\data_processed_edge_bmp\cow\cow_0004.bmp,224,224,20,4907,0.097796,0.337941,0.182983,0.226936,0.252141
cow,D:\CSDLDPT\data_processed_gray_bmp\cow\cow_0005.bmp,D:\CSDLDPT\data_processed_edge_bmp\cow\cow_0005.bmp,224,224,20,6018,0.119938,0.234315,0.299882,0.289329,0.176475
cow,D:\CSDLDPT\data_processed_gray_bmp\cow\cow_0006.bmp,D:\CSDLDPT\data_processed_edge_bmp\cow\cow_0006.bmp,224,224,20,11909,0.237345,0.269586,0.228755,0.254747,0.246912
cow,D:\CSDLDPT\data_processed_gray_bmp\cow\cow_0007.bmp,D:\CSDLDPT\data_processed_edge_bmp\cow\cow_0007.bmp,224,224,20,9389,0.187121,0.224292,0.232884,0.292875,0.249949
cow,D:\CSDLDPT\data_processed_gray_bmp\cow\cow_0008.bmp,D:\CSDLDPT\data_processed_edge_bmp\cow\cow_0008.bmp,224,224,20,6322,0.125996,0.254807,0.289527,0.238886,0.216780
cow,D:\CSDLDPT\data_processed_gray_bmp\cow\cow_0009.bmp,D:\CSDLDPT\data_processed_edge_bmp\cow\cow_0009.bmp,224,224,20,5503,0.109674,0.386489,0.250793,0.177382,0.185336
cow,D:\CSDLDPT\data_processed_gray_bmp\cow\cow_0010.bmp,D:\CSDLDPT\data_processed_edge_bmp\cow\cow_0010.bmp,224,224,20,8270,0.164820,0.328110,0.180762,0.253897,0.237232
cow,D:\CSDLDPT\data_processed_gray_bmp\cow\cow_0011.bmp,D:\CSDLDPT\data_processed_edge_bmp\cow\cow_0011.bmp,224,224,20,9722,0.193758,0.339187,0.193336,0.235093,0.232384
cow,D:\CSDLDPT\data_processed_gray_bmp\cow\cow_0012.bmp,D:\CSDLDPT\data_processed_edge_bmp\cow\cow_0012.bmp,224,224,20,11428,0.227758,0.298225,0.196120,0.259918,0.245737
cow,D:\CSDLDPT\data_processed_gray_bmp\cow\cow_0013.bmp,D:\CSDLDPT\data_processed_edge_bmp\cow\cow_0013.bmp,224,224,20,10838,0.216000,0.244840,0.208431,0.336185,0.210543
cow,D:\CSDLDPT\data_processed_gray_bmp\cow\cow_0014.bmp,D:\CSDLDPT\data_processed_edge_bmp\cow\cow_0014.bmp,224,224,20,7581,0.151088,0.303625,0.246237,0.215641,0.234498
cow,D:\CSDLDPT\data_processed_gray_bmp\cow\cow_0015.bmp,D:\CSDLDPT\data_processed_edge_bmp\cow\cow_0015.bmp,224,224,20,6515,0.129843,0.276874,0.150974,0.285031,0.287121
cow,D:\CSDLDPT\data_processed_gray_bmp\cow\cow_0016.bmp,D:\CSDLDPT\data_processed_edge_bmp\cow\cow_0016.bmp,224,224,20,10907,0.217375,0.276669,0.197247,0.298144,0.227940
cow,D:\CSDLDPT\data_processed_gray_bmp\cow\cow_0017.bmp,D:\CSDLDPT\data_processed_edge_bmp\cow\cow_0017.bmp,224,224,20,9637,0.192064,0.268272,0.207015,0.281581,0.243133
cow,D:\CSDLDPT\data_processed_gray_bmp\cow\cow_0018.bmp,D:\CSDLDPT\data_processed_edge_bmp\cow\cow_0018.bmp,224,224,20,5108,0.101802,0.327444,0.221730,0.232896,0.217930
deer,D:\CSDLDPT\data_processed_gray_bmp\deer\deer_0001.bmp,D:\CSDLDPT\data_processed_edge_bmp\deer\deer_0001.bmp,224,224,20,19759,0.393794,0.220962,0.241019,0.267101,0.270918
deer,D:\CSDLDPT\data_processed_gray_bmp\deer\deer_0002.bmp,D:\CSDLDPT\data_processed_edge_bmp\deer\deer_0002.bmp,224,224,20,4071,0.081134,0.260771,0.268513,0.217279,0.253437
deer,D:\CSDLDPT\data_processed_gray_bmp\deer\deer_0003.bmp,D:\CSDLDPT\data_processed_edge_bmp\deer\deer_0003.bmp,224,224,20,10790,0.215043,0.247515,0.238552,0.212896,0.301037
deer,D:\CSDLDPT\data_processed_gray_bmp\deer\deer_0004.bmp,D:\CSDLDPT\data_processed_edge_bmp\deer\deer_0004.bmp,224,224,20,6676,0.133052,0.349183,0.208816,0.190690,0.251312
deer,D:\CSDLDPT\data_processed_gray_bmp\deer\deer_0005.bmp,D:\CSDLDPT\data_processed_edge_bmp\deer\deer_0005.bmp,224,224,20,10064,0.200574,0.331192,0.231976,0.155953,0.280879
deer,D:\CSDLDPT\data_processed_gray_bmp\deer\deer_0006.bmp,D:\CSDLDPT\data_processed_edge_bmp\deer\deer_0006.bmp,224,224,20,12031,0.239776,0.308174,0.184478,0.230540,0.276808
deer,D:\CSDLDPT\data_processed_gray_bmp\deer\deer_0007.bmp,D:\CSDLDPT\data_processed_edge_bmp\deer\deer_0007.bmp,224,224,20,7725,0.153958,0.242373,0.198129,0.210193,0.349305
deer,D:\CSDLDPT\data_processed_gray_bmp\deer\deer_0008.bmp,D:\CSDLDPT\data_processed_edge_bmp\deer\deer_0008.bmp,224,224,20,7971,0.158861,0.325897,0.230139,0.170529,0.273435
deer,D:\CSDLDPT\data_processed_gray_bmp\deer\deer_0009.bmp,D:\CSDLDPT\data_processed_edge_bmp\deer\deer_0009.bmp,224,224,20,6742,0.134367,0.305991,0.197052,0.196284,0.300673
deer,D:\CSDLDPT\data_processed_gray_bmp\deer\deer_0010.bmp,D:\CSDLDPT\data_processed_edge_bmp\deer\deer_0010.bmp,224,224,20,6608,0.131696,0.232901,0.207419,0.219232,0.340447
deer,D:\CSDLDPT\data_processed_gray_bmp\deer\deer_0011.bmp,D:\CSDLDPT\data_processed_edge_bmp\deer\deer_0011.bmp,224,224,20,19894,0.396484,0.242646,0.224377,0.258128,0.274849
deer,D:\CSDLDPT\data_processed_gray_bmp\deer\deer_0012.bmp,D:\CSDLDPT\data_processed_edge_bmp\deer\deer_0012.bmp,224,224,20,14059,0.280194,0.308400,0.200330,0.238432,0.252839
deer,D:\CSDLDPT\data_processed_gray_bmp\deer\deer_0013.bmp,D:\CSDLDPT\data_processed_edge_bmp\deer\deer_0013.bmp,224,224,20,15440,0.307717,0.257914,0.258081,0.230296,0.253709
deer,D:\CSDLDPT\data_processed_gray_bmp\deer\deer_0014.bmp,D:\CSDLDPT\data_processed_edge_bmp\deer\deer_0014.bmp,224,224,20,13356,0.266183,0.328110,0.297329,0.186015,0.188545
deer,D:\CSDLDPT\data_processed_gray_bmp\deer\deer_0015.bmp,D:\CSDLDPT\data_processed_edge_bmp\deer\deer_0015.bmp,224,224,20,16673,0.332290,0.285061,0.225987,0.230027,0.258926
deer,D:\CSDLDPT\data_processed_gray_bmp\deer\deer_0016.bmp,D:\CSDLDPT\data_processed_edge_bmp\deer\deer_0016.bmp,224,224,20,4384,0.087372,0.365749,0.193064,0.178543,0.262644
deer,D:\CSDLDPT\data_processed_gray_bmp\deer\deer_0017.bmp,D:\CSDLDPT\data_processed_edge_bmp\deer\deer_0017.bmp,224,224,20,12803,0.255162,0.260824,0.222425,0.243260,0.273491
deer,D:\CSDLDPT\data_processed_gray_bmp\deer\deer_0018.bmp,D:\CSDLDPT\data_processed_edge_bmp\deer\deer_0018.bmp,224,224,20,9581,0.190948,0.264151,0.244520,0.228584,0.262745
deer,D:\CSDLDPT\data_processed_gray_bmp\deer\deer_0019.bmp,D:\CSDLDPT\data_processed_edge_bmp\deer\deer_0019.bmp,224,224,20,9689,0.193100,0.265534,0.312267,0.150730,0.271469
deer,D:\CSDLDPT\data_processed_gray_bmp\deer\deer_0020.bmp,D:\CSDLDPT\data_processed_edge_bmp\deer\deer_0020.bmp,224,224,20,7183,0.143156,0.281909,0.252427,0.244375,0.221289
deer,D:\CSDLDPT\data_processed_gray_bmp\deer\deer_0021.bmp,D:\CSDLDPT\data_processed_edge_bmp\deer\deer_0021.bmp,224,224,20,10518,0.209622,0.257911,0.305418,0.237152,0.199518
deer,D:\CSDLDPT\data_processed_gray_bmp\deer\deer_0022.bmp,D:\CSDLDPT\data_processed_edge_bmp\deer\deer_0022.bmp,224,224,20,10625,0.211755,0.259290,0.250232,0.248348,0.242130
deer,D:\CSDLDPT\data_processed_gray_bmp\deer\deer_0023.bmp,D:\CSDLDPT\data_processed_edge_bmp\deer\deer_0023.bmp,224,224,20,8111,0.161651,0.312066,0.212739,0.259413,0.215783
deer,D:\CSDLDPT\data_processed_gray_bmp\deer\deer_0024.bmp,D:\CSDLDPT\data_processed_edge_bmp\deer\deer_0024.bmp,224,224,20,15676,0.312420,0.278001,0.249848,0.205031,0.267121
deer,D:\CSDLDPT\data_processed_gray_bmp\deer\deer_0025.bmp,D:\CSDLDPT\data_processed_edge_bmp\deer\deer_0025.bmp,224,224,20,7171,0.142917,0.333021,0.227209,0.231452,0.208317
deer,D:\CSDLDPT\data_processed_gray_bmp\deer\deer_0026.bmp,D:\CSDLDPT\data_processed_edge_bmp\deer\deer_0026.bmp,224,224,20,6721,0.133949,0.326623,0.214775,0.206664,0.251938
deer,D:\CSDLDPT\data_processed_gray_bmp\deer\deer_0027.bmp,D:\CSDLDPT\data_processed_edge_bmp\deer\deer_0027.bmp,224,224,20,12825,0.255600,0.212211,0.303278,0.257468,0.227043
deer,D:\CSDLDPT\data_processed_gray_bmp\deer\deer_0028.bmp,D:\CSDLDPT\data_processed_edge_bmp\deer\deer_0028.bmp,224,224,20,19017,0.379006,0.229980,0.236545,0.240413,0.293062
deer,D:\CSDLDPT\data_processed_gray_bmp\deer\deer_0029.bmp,D:\CSDLDPT\data_processed_edge_bmp\deer\deer_0029.bmp,224,224,20,16942,0.337651,0.276726,0.200761,0.232167,0.290346
deer,D:\CSDLDPT\data_processed_gray_bmp\deer\deer_0030.bmp,D:\CSDLDPT\data_processed_edge_bmp\deer\deer_0030.bmp,224,224,20,10621,0.211675,0.222624,0.231094,0.296011,0.250271
deer,D:\CSDLDPT\data_processed_gray_bmp\deer\deer_0031.bmp,D:\CSDLDPT\data_processed_edge_bmp\deer\deer_0031.bmp,224,224,20,9030,0.179967,0.253307,0.244703,0.277056,0.224934
dog,D:\CSDLDPT\data_processed_gray_bmp\dog\dog_0001.bmp,D:\CSDLDPT\data_processed_edge_bmp\dog\dog_0001.bmp,224,224,20,15814,0.315171,0.346291,0.227892,0.209337,0.216479
dog,D:\CSDLDPT\data_processed_gray_bmp\dog\dog_0002.bmp,D:\CSDLDPT\data_processed_edge_bmp\dog\dog_0002.bmp,224,224,20,8668,0.172752,0.231778,0.232402,0.265055,0.270766
dog,D:\CSDLDPT\data_processed_gray_bmp\dog\dog_0003.bmp,D:\CSDLDPT\data_processed_edge_bmp\dog\dog_0003.bmp,224,224,20,7836,0.156170,0.218730,0.191342,0.340314,0.249615
dog,D:\CSDLDPT\data_processed_gray_bmp\dog\dog_0004.bmp,D:\CSDLDPT\data_processed_edge_bmp\dog\dog_0004.bmp,224,224,20,3447,0.068698,0.146444,0.182331,0.428198,0.243026
dog,D:\CSDLDPT\data_processed_gray_bmp\dog\dog_0005.bmp,D:\CSDLDPT\data_processed_edge_bmp\dog\dog_0005.bmp,224,224,20,12000,0.239158,0.229715,0.226599,0.335960,0.207725
dog,D:\CSDLDPT\data_processed_gray_bmp\dog\dog_0006.bmp,D:\CSDLDPT\data_processed_edge_bmp\dog\dog_0006.bmp,224,224,20,4871,0.097078,0.227178,0.182009,0.328996,0.261817
dog,D:\CSDLDPT\data_processed_gray_bmp\dog\dog_0007.bmp,D:\CSDLDPT\data_processed_edge_bmp\dog\dog_0007.bmp,224,224,20,5189,0.103416,0.233258,0.258481,0.280918,0.227343
dog,D:\CSDLDPT\data_processed_gray_bmp\dog\dog_0008.bmp,D:\CSDLDPT\data_processed_edge_bmp\dog\dog_0008.bmp,224,224,20,3480,0.069356,0.240225,0.197607,0.267445,0.294722
dog,D:\CSDLDPT\data_processed_gray_bmp\dog\dog_0009.bmp,D:\CSDLDPT\data_processed_edge_bmp\dog\dog_0009.bmp,224,224,20,4144,0.082589,0.232552,0.219541,0.248498,0.299410
dog,D:\CSDLDPT\data_processed_gray_bmp\dog\dog_0010.bmp,D:\CSDLDPT\data_processed_edge_bmp\dog\dog_0010.bmp,224,224,20,6271,0.124980,0.260029,0.164001,0.316140,0.259830
dog,D:\CSDLDPT\data_processed_gray_bmp\dog\dog_0011.bmp,D:\CSDLDPT\data_processed_edge_bmp\dog\dog_0011.bmp,224,224,20,14034,0.279695,0.226094,0.260302,0.283831,0.229773
dog,D:\CSDLDPT\data_processed_gray_bmp\dog\dog_0012.bmp,D:\CSDLDPT\data_processed_edge_bmp\dog\dog_0012.bmp,224,224,20,8684,0.173071,0.116621,0.119471,0.531296,0.232612
dog,D:\CSDLDPT\data_processed_gray_bmp\dog\dog_0013.bmp,D:\CSDLDPT\data_processed_edge_bmp\dog\dog_0013.bmp,224,224,20,7888,0.157207,0.283478,0.169760,0.302511,0.244252
dog,D:\CSDLDPT\data_processed_gray_bmp\dog\dog_0014.bmp,D:\CSDLDPT\data_processed_edge_bmp\dog\dog_0014.bmp,224,224,20,9406,0.187460,0.218797,0.239278,0.244525,0.297400
dog,D:\CSDLDPT\data_processed_gray_bmp\dog\dog_0015.bmp,D:\CSDLDPT\data_processed_edge_bmp\dog\dog_0015.bmp,224,224,20,6883,0.137177,0.197266,0.341649,0.261263,0.199823
dog,D:\CSDLDPT\data_processed_gray_bmp\dog\dog_0016.bmp,D:\CSDLDPT\data_processed_edge_bmp\dog\dog_0016.bmp,224,224,20,4576,0.091199,0.294938,0.219522,0.269892,0.215647
dog,D:\CSDLDPT\data_processed_gray_bmp\dog\dog_0017.bmp,D:\CSDLDPT\data_processed_edge_bmp\dog\dog_0017.bmp,224,224,20,8668,0.172752,0.231778,0.232402,0.265055,0.270766
dog,D:\CSDLDPT\data_processed_gray_bmp\dog\dog_0018.bmp,D:\CSDLDPT\data_processed_edge_bmp\dog\dog_0018.bmp,224,224,20,7836,0.156170,0.218730,0.191342,0.340314,0.249615
dog,D:\CSDLDPT\data_processed_gray_bmp\dog\dog_0019.bmp,D:\CSDLDPT\data_processed_edge_bmp\dog\dog_0019.bmp,224,224,20,2959,0.058972,0.216588,0.107683,0.271516,0.404213
dog,D:\CSDLDPT\data_processed_gray_bmp\dog\dog_0020.bmp,D:\CSDLDPT\data_processed_edge_bmp\dog\dog_0020.bmp,224,224,20,3130,0.062380,0.321636,0.170075,0.259050,0.249238
dog,D:\CSDLDPT\data_processed_gray_bmp\dog\dog_0021.bmp,D:\CSDLDPT\data_processed_edge_bmp\dog\dog_0021.bmp,224,224,20,11188,0.222975,0.149197,0.156067,0.507810,0.186926
dog,D:\CSDLDPT\data_processed_gray_bmp\dog\dog_0022.bmp,D:\CSDLDPT\data_processed_edge_bmp\dog\dog_0022.bmp,224,224,20,10086,0.201012,0.234437,0.211318,0.304009,0.250235
dog,D:\CSDLDPT\data_processed_gray_bmp\dog\dog_0023.bmp,D:\CSDLDPT\data_processed_edge_bmp\dog\dog_0023.bmp,224,224,20,4330,0.086296,0.315407,0.174232,0.203746,0.306615
dog,D:\CSDLDPT\data_processed_gray_bmp\dog\dog_0024.bmp,D:\CSDLDPT\data_processed_edge_bmp\dog\dog_0024.bmp,224,224,20,8860,0.176578,0.313193,0.212004,0.229542,0.245262
dog,D:\CSDLDPT\data_processed_gray_bmp\dog\dog_0025.bmp,D:\CSDLDPT\data_processed_edge_bmp\dog\dog_0025.bmp,224,224,20,3425,0.068260,0.231384,0.192433,0.300456,0.275727
dog,D:\CSDLDPT\data_processed_gray_bmp\dog\dog_0026.bmp,D:\CSDLDPT\data_processed_edge_bmp\dog\dog_0026.bmp,224,224,20,6750,0.134526,0.373503,0.226106,0.184182,0.216210
dog,D:\CSDLDPT\data_processed_gray_bmp\dog\dog_0027.bmp,D:\CSDLDPT\data_processed_edge_bmp\dog\dog_0027.bmp,224,224,20,7241,0.144312,0.236736,0.191567,0.304698,0.266999
dog,D:\CSDLDPT\data_processed_gray_bmp\dog\dog_0028.bmp,D:\CSDLDPT\data_processed_edge_bmp\dog\dog_0028.bmp,224,224,20,20439,0.407346,0.271752,0.220098,0.226443,0.281707
dog,D:\CSDLDPT\data_processed_gray_bmp\dog\dog_0029.bmp,D:\CSDLDPT\data_processed_edge_bmp\dog\dog_0029.bmp,224,224,20,11501,0.229213,0.288490,0.224410,0.210595,0.276506
dog,D:\CSDLDPT\data_processed_gray_bmp\dog\dog_0030.bmp,D:\CSDLDPT\data_processed_edge_bmp\dog\dog_0030.bmp,224,224,20,11450,0.228197,0.285934,0.224095,0.229870,0.260102
dog,D:\CSDLDPT\data_processed_gray_bmp\dog\dog_0031.bmp,D:\CSDLDPT\data_processed_edge_bmp\dog\dog_0031.bmp,224,224,20,14198,0.282964,0.314113,0.258271,0.182472,0.245144
dog,D:\CSDLDPT\data_processed_gray_bmp\dog\dog_0032.bmp,D:\CSDLDPT\data_processed_edge_bmp\dog\dog_0032.bmp,224,224,20,13218,0.263433,0.315935,0.206182,0.191944,0.285940
dog,D:\CSDLDPT\data_processed_gray_bmp\dog\dog_0033.bmp,D:\CSDLDPT\data_processed_edge_bmp\dog\dog_0033.bmp,224,224,20,10942,0.218072,0.293816,0.204559,0.198763,0.302862
dog,D:\CSDLDPT\data_processed_gray_bmp\dog\dog_0034.bmp,D:\CSDLDPT\data_processed_edge_bmp\dog\dog_0034.bmp,224,224,20,11566,0.230509,0.293861,0.225432,0.194754,0.285953
dog,D:\CSDLDPT\data_processed_gray_bmp\dog\dog_0035.bmp,D:\CSDLDPT\data_processed_edge_bmp\dog\dog_0035.bmp,224,224,20,13402,0.267100,0.227381,0.227431,0.285534,0.259655
dog,D:\CSDLDPT\data_processed_gray_bmp\dog\dog_0036.bmp,D:\CSDLDPT\data_processed_edge_bmp\dog\dog_0036.bmp,224,224,20,8319,0.165796,0.276056,0.231265,0.230920,0.261760
dog,D:\CSDLDPT\data_processed_gray_bmp\dog\dog_0037.bmp,D:\CSDLDPT\data_processed_edge_bmp\dog\dog_0037.bmp,224,224,20,14233,0.283662,0.306223,0.178980,0.222988,0.291809
dog,D:\CSDLDPT\data_processed_gray_bmp\dog\dog_0038.bmp,D:\CSDLDPT\data_processed_edge_bmp\dog\dog_0038.bmp,224,224,20,14928,0.297513,0.244916,0.211276,0.280567,0.263241
dog,D:\CSDLDPT\data_processed_gray_bmp\dog\dog_0039.bmp,D:\CSDLDPT\data_processed_edge_bmp\dog\dog_0039.bmp,224,224,20,17791,0.354572,0.252978,0.251357,0.236823,0.258842
dog,D:\CSDLDPT\data_processed_gray_bmp\dog\dog_0040.bmp,D:\CSDLDPT\data_processed_edge_bmp\dog\dog_0040.bmp,224,224,20,12588,0.250877,0.261370,0.208424,0.267534,0.262672
dog,D:\CSDLDPT\data_processed_gray_bmp\dog\dog_0041.bmp,D:\CSDLDPT\data_processed_edge_bmp\dog\dog_0041.bmp,224,224,20,6993,0.139369,0.239530,0.188356,0.247191,0.324923
dog,D:\CSDLDPT\data_processed_gray_bmp\dog\dog_0042.bmp,D:\CSDLDPT\data_processed_edge_bmp\dog\dog_0042.bmp,224,224,20,4891,0.097477,0.240145,0.197367,0.315362,0.247125
dog,D:\CSDLDPT\data_processed_gray_bmp\dog\dog_0043.bmp,D:\CSDLDPT\data_processed_edge_bmp\dog\dog_0043.bmp,224,224,20,10439,0.208048,0.215892,0.196858,0.349994,0.237256
dog,D:\CSDLDPT\data_processed_gray_bmp\dog\dog_0044.bmp,D:\CSDLDPT\data_processed_edge_bmp\dog\dog_0044.bmp,224,224,20,10406,0.207390,0.271139,0.178881,0.259879,0.290101
dog,D:\CSDLDPT\data_processed_gray_bmp\dog\dog_0045.bmp,D:\CSDLDPT\data_processed_edge_bmp\dog\dog_0045.bmp,224,224,20,13444,0.267937,0.249088,0.166874,0.263633,0.320405
dog,D:\CSDLDPT\data_processed_gray_bmp\dog\dog_0046.bmp,D:\CSDLDPT\data_processed_edge_bmp\dog\dog_0046.bmp,224,224,20,19565,0.389927,0.258703,0.218454,0.220793,0.302050
dog,D:\CSDLDPT\data_processed_gray_bmp\dog\dog_0047.bmp,D:\CSDLDPT\data_processed_edge_bmp\dog\dog_0047.bmp,224,224,20,10615,0.211555,0.305316,0.183566,0.270230,0.240888
elephant,D:\CSDLDPT\data_processed_gray_bmp\elephant\elephant_0001.bmp,D:\CSDLDPT\data_processed_edge_bmp\elephant\elephant_0001.bmp,224,224,20,23455,0.467455,0.257155,0.214327,0.247641,0.280876
elephant,D:\CSDLDPT\data_processed_gray_bmp\elephant\elephant_0002.bmp,D:\CSDLDPT\data_processed_edge_bmp\elephant\elephant_0002.bmp,224,224,20,13323,0.265525,0.267959,0.239668,0.266202,0.226170
elephant,D:\CSDLDPT\data_processed_gray_bmp\elephant\elephant_0003.bmp,D:\CSDLDPT\data_processed_edge_bmp\elephant\elephant_0003.bmp,224,224,20,14111,0.281230,0.242853,0.219978,0.310744,0.226425
elephant,D:\CSDLDPT\data_processed_gray_bmp\elephant\elephant_0004.bmp,D:\CSDLDPT\data_processed_edge_bmp\elephant\elephant_0004.bmp,224,224,20,8040,0.160236,0.290341,0.200028,0.186266,0.323365
elephant,D:\CSDLDPT\data_processed_gray_bmp\elephant\elephant_0005.bmp,D:\CSDLDPT\data_processed_edge_bmp\elephant\elephant_0005.bmp,224,224,20,8064,0.160714,0.314008,0.269002,0.209626,0.207364
elephant,D:\CSDLDPT\data_processed_gray_bmp\elephant\elephant_0006.bmp,D:\CSDLDPT\data_processed_edge_bmp\elephant\elephant_0006.bmp,224,224,20,7647,0.152404,0.332892,0.168161,0.177492,0.321455
elephant,D:\CSDLDPT\data_processed_gray_bmp\elephant\elephant_0007.bmp,D:\CSDLDPT\data_processed_edge_bmp\elephant\elephant_0007.bmp,224,224,20,13745,0.273936,0.282245,0.261769,0.271838,0.184149
elephant,D:\CSDLDPT\data_processed_gray_bmp\elephant\elephant_0008.bmp,D:\CSDLDPT\data_processed_edge_bmp\elephant\elephant_0008.bmp,224,224,20,10861,0.216458,0.323764,0.223017,0.172174,0.281045
elephant,D:\CSDLDPT\data_processed_gray_bmp\elephant\elephant_0009.bmp,D:\CSDLDPT\data_processed_edge_bmp\elephant\elephant_0009.bmp,224,224,20,8092,0.161272,0.364639,0.239878,0.219793,0.175690
elephant,D:\CSDLDPT\data_processed_gray_bmp\elephant\elephant_0010.bmp,D:\CSDLDPT\data_processed_edge_bmp\elephant\elephant_0010.bmp,224,224,20,9727,0.193858,0.247758,0.277033,0.257900,0.217309
elephant,D:\CSDLDPT\data_processed_gray_bmp\elephant\elephant_0011.bmp,D:\CSDLDPT\data_processed_edge_bmp\elephant\elephant_0011.bmp,224,224,20,6725,0.134028,0.416542,0.177113,0.169470,0.236875
elephant,D:\CSDLDPT\data_processed_gray_bmp\elephant\elephant_0012.bmp,D:\CSDLDPT\data_processed_edge_bmp\elephant\elephant_0012.bmp,224,224,20,8339,0.166195,0.330925,0.224059,0.241171,0.203844
elephant,D:\CSDLDPT\data_processed_gray_bmp\elephant\elephant_0013.bmp,D:\CSDLDPT\data_processed_edge_bmp\elephant\elephant_0013.bmp,224,224,20,7597,0.151407,0.432921,0.202755,0.199030,0.165294
elephant,D:\CSDLDPT\data_processed_gray_bmp\elephant\elephant_0014.bmp,D:\CSDLDPT\data_processed_edge_bmp\elephant\elephant_0014.bmp,224,224,20,9979,0.198880,0.250219,0.244746,0.254471,0.250564
elephant,D:\CSDLDPT\data_processed_gray_bmp\elephant\elephant_0015.bmp,D:\CSDLDPT\data_processed_edge_bmp\elephant\elephant_0015.bmp,224,224,20,10578,0.210818,0.197104,0.293410,0.306967,0.202519
giraffe,D:\CSDLDPT\data_processed_gray_bmp\giraffe\giraffe_0001.bmp,D:\CSDLDPT\data_processed_edge_bmp\giraffe\giraffe_0001.bmp,224,224,20,6634,0.132215,0.277904,0.184120,0.296898,0.241078
giraffe,D:\CSDLDPT\data_processed_gray_bmp\giraffe\giraffe_0002.bmp,D:\CSDLDPT\data_processed_edge_bmp\giraffe\giraffe_0002.bmp,224,224,20,8304,0.165497,0.244618,0.228914,0.252254,0.274214
giraffe,D:\CSDLDPT\data_processed_gray_bmp\giraffe\giraffe_0003.bmp,D:\CSDLDPT\data_processed_edge_bmp\giraffe\giraffe_0003.bmp,224,224,20,7482,0.149115,0.290710,0.219397,0.254524,0.235369
giraffe,D:\CSDLDPT\data_processed_gray_bmp\giraffe\giraffe_0004.bmp,D:\CSDLDPT\data_processed_edge_bmp\giraffe\giraffe_0004.bmp,224,224,20,13945,0.277922,0.248591,0.257658,0.234171,0.259580
giraffe,D:\CSDLDPT\data_processed_gray_bmp\giraffe\giraffe_0005.bmp,D:\CSDLDPT\data_processed_edge_bmp\giraffe\giraffe_0005.bmp,224,224,20,5204,0.103715,0.381977,0.190600,0.139255,0.288168
giraffe,D:\CSDLDPT\data_processed_gray_bmp\giraffe\giraffe_0006.bmp,D:\CSDLDPT\data_processed_edge_bmp\giraffe\giraffe_0006.bmp,224,224,20,7533,0.150132,0.313082,0.232098,0.191732,0.263088
giraffe,D:\CSDLDPT\data_processed_gray_bmp\giraffe\giraffe_0007.bmp,D:\CSDLDPT\data_processed_edge_bmp\giraffe\giraffe_0007.bmp,224,224,20,13650,0.272042,0.259021,0.237797,0.256069,0.247114
giraffe,D:\CSDLDPT\data_processed_gray_bmp\giraffe\giraffe_0008.bmp,D:\CSDLDPT\data_processed_edge_bmp\giraffe\giraffe_0008.bmp,224,224,20,6879,0.137097,0.291877,0.210410,0.208704,0.289009
giraffe,D:\CSDLDPT\data_processed_gray_bmp\giraffe\giraffe_0009.bmp,D:\CSDLDPT\data_processed_edge_bmp\giraffe\giraffe_0009.bmp,224,224,20,17050,0.339804,0.264822,0.219971,0.224425,0.290783
giraffe,D:\CSDLDPT\data_processed_gray_bmp\giraffe\giraffe_0010.bmp,D:\CSDLDPT\data_processed_edge_bmp\giraffe\giraffe_0010.bmp,224,224,20,7070,0.140904,0.331548,0.262436,0.197920,0.208095
giraffe,D:\CSDLDPT\data_processed_gray_bmp\giraffe\giraffe_0011.bmp,D:\CSDLDPT\data_processed_edge_bmp\giraffe\giraffe_0011.bmp,224,224,20,11306,0.225327,0.222891,0.215067,0.253108,0.308934
giraffe,D:\CSDLDPT\data_processed_gray_bmp\giraffe\giraffe_0012.bmp,D:\CSDLDPT\data_processed_edge_bmp\giraffe\giraffe_0012.bmp,224,224,20,7569,0.150849,0.316033,0.236709,0.188561,0.258697
giraffe,D:\CSDLDPT\data_processed_gray_bmp\giraffe\giraffe_0013.bmp,D:\CSDLDPT\data_processed_edge_bmp\giraffe\giraffe_0013.bmp,224,224,20,8315,0.165717,0.309299,0.196767,0.214432,0.279503
giraffe,D:\CSDLDPT\data_processed_gray_bmp\giraffe\giraffe_0014.bmp,D:\CSDLDPT\data_processed_edge_bmp\giraffe\giraffe_0014.bmp,224,224,20,12877,0.256637,0.273694,0.234762,0.225162,0.266382
giraffe,D:\CSDLDPT\data_processed_gray_bmp\giraffe\giraffe_0015.bmp,D:\CSDLDPT\data_processed_edge_bmp\giraffe\giraffe_0015.bmp,224,224,20,9139,0.182139,0.288177,0.219379,0.227712,0.264733
giraffe,D:\CSDLDPT\data_processed_gray_bmp\giraffe\giraffe_0016.bmp,D:\CSDLDPT\data_processed_edge_bmp\giraffe\giraffe_0016.bmp,224,224,20,9459,0.188516,0.277065,0.281280,0.216442,0.225212
giraffe,D:\CSDLDPT\data_processed_gray_bmp\giraffe\giraffe_0017.bmp,D:\CSDLDPT\data_processed_edge_bmp\giraffe\giraffe_0017.bmp,224,224,20,4089,0.081493,0.317407,0.235698,0.161676,0.285219
giraffe,D:\CSDLDPT\data_processed_gray_bmp\giraffe\giraffe_0018.bmp,D:\CSDLDPT\data_processed_edge_bmp\giraffe\giraffe_0018.bmp,224,224,20,5483,0.109275,0.294436,0.202390,0.217713,0.285461
giraffe,D:\CSDLDPT\data_processed_gray_bmp\giraffe\giraffe_0019.bmp,D:\CSDLDPT\data_processed_edge_bmp\giraffe\giraffe_0019.bmp,224,224,20,8448,0.168367,0.264150,0.219376,0.244191,0.272282
giraffe,D:\CSDLDPT\data_processed_gray_bmp\giraffe\giraffe_0020.bmp,D:\CSDLDPT\data_processed_edge_bmp\giraffe\giraffe_0020.bmp,224,224,20,10166,0.202607,0.242069,0.195215,0.294568,0.268147
giraffe,D:\CSDLDPT\data_processed_gray_bmp\giraffe\giraffe_0021.bmp,D:\CSDLDPT\data_processed_edge_bmp\giraffe\giraffe_0021.bmp,224,224,20,5797,0.115533,0.343199,0.195064,0.240872,0.220865
giraffe,D:\CSDLDPT\data_processed_gray_bmp\giraffe\giraffe_0022.bmp,D:\CSDLDPT\data_processed_edge_bmp\giraffe\giraffe_0022.bmp,224,224,20,6001,0.119599,0.276009,0.225052,0.232433,0.266505
giraffe,D:\CSDLDPT\data_processed_gray_bmp\giraffe\giraffe_0023.bmp,D:\CSDLDPT\data_processed_edge_bmp\giraffe\giraffe_0023.bmp,224,224,20,5064,0.100925,0.346210,0.171851,0.255960,0.225979
giraffe,D:\CSDLDPT\data_processed_gray_bmp\giraffe\giraffe_0024.bmp,D:\CSDLDPT\data_processed_edge_bmp\giraffe\giraffe_0024.bmp,224,224,20,5201,0.103655,0.287480,0.222313,0.238852,0.251356
giraffe,D:\CSDLDPT\data_processed_gray_bmp\giraffe\giraffe_0025.bmp,D:\CSDLDPT\data_processed_edge_bmp\giraffe\giraffe_0025.bmp,224,224,20,13637,0.271783,0.270466,0.238724,0.243208,0.247602
giraffe,D:\CSDLDPT\data_processed_gray_bmp\giraffe\giraffe_0026.bmp,D:\CSDLDPT\data_processed_edge_bmp\giraffe\giraffe_0026.bmp,224,224,20,5391,0.107442,0.358217,0.201955,0.192356,0.247471
giraffe,D:\CSDLDPT\data_processed_gray_bmp\giraffe\giraffe_0027.bmp,D:\CSDLDPT\data_processed_edge_bmp\giraffe\giraffe_0027.bmp,224,224,20,7662,0.152702,0.255789,0.218010,0.272616,0.253585
giraffe,D:\CSDLDPT\data_processed_gray_bmp\giraffe\giraffe_0028.bmp,D:\CSDLDPT\data_processed_edge_bmp\giraffe\giraffe_0028.bmp,224,224,20,4562,0.090920,0.307601,0.208207,0.160072,0.324120
giraffe,D:\CSDLDPT\data_processed_gray_bmp\giraffe\giraffe_0029.bmp,D:\CSDLDPT\data_processed_edge_bmp\giraffe\giraffe_0029.bmp,224,224,20,6828,0.136081,0.273272,0.255823,0.201159,0.269746
giraffe,D:\CSDLDPT\data_processed_gray_bmp\giraffe\giraffe_0030.bmp,D:\CSDLDPT\data_processed_edge_bmp\giraffe\giraffe_0030.bmp,224,224,20,5397,0.107561,0.291356,0.218156,0.224230,0.266258
giraffe,D:\CSDLDPT\data_processed_gray_bmp\giraffe\giraffe_0031.bmp,D:\CSDLDPT\data_processed_edge_bmp\giraffe\giraffe_0031.bmp,224,224,20,4726,0.094188,0.358660,0.199610,0.177910,0.263820
giraffe,D:\CSDLDPT\data_processed_gray_bmp\giraffe\giraffe_0032.bmp,D:\CSDLDPT\data_processed_edge_bmp\giraffe\giraffe_0032.bmp,224,224,20,5539,0.110391,0.338161,0.214436,0.189371,0.258031
giraffe,D:\CSDLDPT\data_processed_gray_bmp\giraffe\giraffe_0033.bmp,D:\CSDLDPT\data_processed_edge_bmp\giraffe\giraffe_0033.bmp,224,224,20,7196,0.143415,0.309639,0.195673,0.195989,0.298699
giraffe,D:\CSDLDPT\data_processed_gray_bmp\giraffe\giraffe_0034.bmp,D:\CSDLDPT\data_processed_edge_bmp\giraffe\giraffe_0034.bmp,224,224,20,6155,0.122668,0.290008,0.245696,0.178436,0.285861
giraffe,D:\CSDLDPT\data_processed_gray_bmp\giraffe\giraffe_0035.bmp,D:\CSDLDPT\data_processed_edge_bmp\giraffe\giraffe_0035.bmp,224,224,20,14470,0.288385,0.292672,0.234133,0.244883,0.228312
giraffe,D:\CSDLDPT\data_processed_gray_bmp\giraffe\giraffe_0036.bmp,D:\CSDLDPT\data_processed_edge_bmp\giraffe\giraffe_0036.bmp,224,224,20,7540,0.150271,0.320774,0.234853,0.177479,0.266894
giraffe,D:\CSDLDPT\data_processed_gray_bmp\giraffe\giraffe_0037.bmp,D:\CSDLDPT\data_processed_edge_bmp\giraffe\giraffe_0037.bmp,224,224,20,16600,0.330835,0.210396,0.247400,0.266362,0.275843
giraffe,D:\CSDLDPT\data_processed_gray_bmp\giraffe\giraffe_0038.bmp,D:\CSDLDPT\data_processed_edge_bmp\giraffe\giraffe_0038.bmp,224,224,20,8552,0.170440,0.311488,0.248023,0.193297,0.247192
giraffe,D:\CSDLDPT\data_processed_gray_bmp\giraffe\giraffe_0039.bmp,D:\CSDLDPT\data_processed_edge_bmp\giraffe\giraffe_0039.bmp,224,224,20,3451,0.068778,0.364265,0.222398,0.157793,0.255544
giraffe,D:\CSDLDPT\data_processed_gray_bmp\giraffe\giraffe_0040.bmp,D:\CSDLDPT\data_processed_edge_bmp\giraffe\giraffe_0040.bmp,224,224,20,8535,0.170101,0.260116,0.225943,0.286664,0.227277
goat,D:\CSDLDPT\data_processed_gray_bmp\goat\goat_0001.bmp,D:\CSDLDPT\data_processed_edge_bmp\goat\goat_0001.bmp,224,224,20,6033,0.120237,0.323240,0.290497,0.199165,0.187098
goat,D:\CSDLDPT\data_processed_gray_bmp\goat\goat_0002.bmp,D:\CSDLDPT\data_processed_edge_bmp\goat\goat_0002.bmp,224,224,20,12995,0.258988,0.246535,0.237163,0.250901,0.265401
goat,D:\CSDLDPT\data_processed_gray_bmp\goat\goat_0003.bmp,D:\CSDLDPT\data_processed_edge_bmp\goat\goat_0003.bmp,224,224,20,12210,0.243343,0.290957,0.253407,0.230304,0.225332
goat,D:\CSDLDPT\data_processed_gray_bmp\goat\goat_0004.bmp,D:\CSDLDPT\data_processed_edge_bmp\goat\goat_0004.bmp,224,224,20,13273,0.264529,0.257852,0.186565,0.343242,0.212342
goat,D:\CSDLDPT\data_processed_gray_bmp\goat\goat_0005.bmp,D:\CSDLDPT\data_processed_edge_bmp\goat\goat_0005.bmp,224,224,20,9647,0.192263,0.260278,0.200470,0.293642,0.245610
goat,D:\CSDLDPT\data_processed_gray_bmp\goat\goat_0006.bmp,D:\CSDLDPT\data_processed_edge_bmp\goat\goat_0006.bmp,224,224,20,2813,0.056063,0.392328,0.220147,0.163010,0.224515
goat,D:\CSDLDPT\data_processed_gray_bmp\goat\goat_0007.bmp,D:\CSDLDPT\data_processed_edge_bmp\goat\goat_0007.bmp,224,224,20,12602,0.251156,0.283042,0.220733,0.223462,0.272762
goat,D:\CSDLDPT\data_processed_gray_bmp\goat\goat_0008.bmp,D:\CSDLDPT\data_processed_edge_bmp\goat\goat_0008.bmp,224,224,20,8618,0.171755,0.257807,0.335484,0.167044,0.239665
goat,D:\CSDLDPT\data_processed_gray_bmp\goat\goat_0009.bmp,D:\CSDLDPT\data_processed_edge_bmp\goat\goat_0009.bmp,224,224,20,2915,0.058096,0.285556,0.329287,0.223865,0.161292
goat,D:\CSDLDPT\data_processed_gray_bmp\goat\goat_0010.bmp,D:\CSDLDPT\data_processed_edge_bmp\goat\goat_0010.bmp,224,224,20,4466,0.089007,0.248624,0.255118,0.248733,0.247526
goat,D:\CSDLDPT\data_processed_gray_bmp\goat\goat_0011.bmp,D:\CSDLDPT\data_processed_edge_bmp\goat\goat_0011.bmp,224,224,20,7748,0.154416,0.235427,0.241162,0.306051,0.217360
goat,D:\CSDLDPT\data_processed_gray_bmp\goat\goat_0012.bmp,D:\CSDLDPT\data_processed_edge_bmp\goat\goat_0012.bmp,224,224,20,5555,0.110710,0.442727,0.209177,0.165633,0.182462
goat,D:\CSDLDPT\data_processed_gray_bmp\goat\goat_0013.bmp,D:\CSDLDPT\data_processed_edge_bmp\goat\goat_0013.bmp,224,224,20,4028,0.080277,0.386804,0.241543,0.187917,0.183736
goat,D:\CSDLDPT\data_processed_gray_bmp\goat\goat_0014.bmp,D:\CSDLDPT\data_processed_edge_bmp\goat\goat_0014.bmp,224,224,20,5209,0.103815,0.212905,0.276184,0.258107,0.252805
goat,D:\CSDLDPT\data_processed_gray_bmp\goat\goat_0015.bmp,D:\CSDLDPT\data_processed_edge_bmp\goat\goat_0015.bmp,224,224,20,5427,0.108159,0.320638,0.245816,0.190807,0.242738
goat,D:\CSDLDPT\data_processed_gray_bmp\goat\goat_0016.bmp,D:\CSDLDPT\data_processed_edge_bmp\goat\goat_0016.bmp,224,224,20,13001,0.259108,0.252588,0.246965,0.270803,0.229644
goat,D:\CSDLDPT\data_processed_gray_bmp\goat\goat_0017.bmp,D:\CSDLDPT\data_processed_edge_bmp\goat\goat_0017.bmp,224,224,20,4379,0.087273,0.346045,0.260446,0.180048,0.213461
goat,D:\CSDLDPT\data_processed_gray_bmp\goat\goat_0018.bmp,D:\CSDLDPT\data_processed_edge_bmp\goat\goat_0018.bmp,224,224,20,3802,0.075773,0.293164,0.268940,0.212441,0.225455
goat,D:\CSDLDPT\data_processed_gray_bmp\goat\goat_0019.bmp,D:\CSDLDPT\data_processed_edge_bmp\goat\goat_0019.bmp,224,224,20,6433,0.128209,0.270891,0.255956,0.237873,0.235280
goat,D:\CSDLDPT\data_processed_gray_bmp\goat\goat_0020.bmp,D:\CSDLDPT\data_processed_edge_bmp\goat\goat_0020.bmp,224,224,20,6042,0.120416,0.281667,0.290756,0.203445,0.224132
goat,D:\CSDLDPT\data_processed_gray_bmp\goat\goat_0021.bmp,D:\CSDLDPT\data_processed_edge_bmp\goat\goat_0021.bmp,224,224,20,6874,0.136998,0.286518,0.235933,0.203751,0.273799
goat,D:\CSDLDPT\data_processed_gray_bmp\goat\goat_0022.bmp,D:\CSDLDPT\data_processed_edge_bmp\goat\goat_0022.bmp,224,224,20,5657,0.112743,0.283288,0.246622,0.221202,0.248887
hippo,D:\CSDLDPT\data_processed_gray_bmp\hippo\hippo_0001.bmp,D:\CSDLDPT\data_processed_edge_bmp\hippo\hippo_0001.bmp,224,224,20,7842,0.156290,0.292581,0.229670,0.257021,0.220727
hippo,D:\CSDLDPT\data_processed_gray_bmp\hippo\hippo_0002.bmp,D:\CSDLDPT\data_processed_edge_bmp\hippo\hippo_0002.bmp,224,224,20,5991,0.119400,0.169847,0.271248,0.391952,0.166953
hippo,D:\CSDLDPT\data_processed_gray_bmp\hippo\hippo_0003.bmp,D:\CSDLDPT\data_processed_edge_bmp\hippo\hippo_0003.bmp,224,224,20,6872,0.136958,0.207060,0.315447,0.310423,0.167070
hippo,D:\CSDLDPT\data_processed_gray_bmp\hippo\hippo_0004.bmp,D:\CSDLDPT\data_processed_edge_bmp\hippo\hippo_0004.bmp,224,224,20,12513,0.249382,0.213491,0.251468,0.332025,0.203017
hippo,D:\CSDLDPT\data_processed_gray_bmp\hippo\hippo_0005.bmp,D:\CSDLDPT\data_processed_edge_bmp\hippo\hippo_0005.bmp,224,224,20,11325,0.225706,0.233201,0.228052,0.303324,0.235423
hippo,D:\CSDLDPT\data_processed_gray_bmp\hippo\hippo_0006.bmp,D:\CSDLDPT\data_processed_edge_bmp\hippo\hippo_0006.bmp,224,224,20,10781,0.214864,0.197274,0.262635,0.321531,0.218560
hippo,D:\CSDLDPT\data_processed_gray_bmp\hippo\hippo_0007.bmp,D:\CSDLDPT\data_processed_edge_bmp\hippo\hippo_0007.bmp,224,224,20,7271,0.144910,0.191209,0.209709,0.342448,0.256633
hippo,D:\CSDLDPT\data_processed_gray_bmp\hippo\hippo_0008.bmp,D:\CSDLDPT\data_processed_edge_bmp\hippo\hippo_0008.bmp,224,224,20,3925,0.078225,0.228386,0.277671,0.280882,0.213061
hippo,D:\CSDLDPT\data_processed_gray_bmp\hippo\hippo_0009.bmp,D:\CSDLDPT\data_processed_edge_bmp\hippo\hippo_0009.bmp,224,224,20,8114,0.161711,0.240540,0.233647,0.351263,0.174550
hippo,D:\CSDLDPT\data_processed_gray_bmp\hippo\hippo_0010.bmp,D:\CSDLDPT\data_processed_edge_bmp\hippo\hippo_0010.bmp,224,224,20,8087,0.161173,0.275587,0.212178,0.250983,0.261252
hippo,D:\CSDLDPT\data_processed_gray_bmp\hippo\hippo_0011.bmp,D:\CSDLDPT\data_processed_edge_bmp\hippo\hippo_0011.bmp,224,224,20,10064,0.200574,0.223223,0.217666,0.374003,0.185107
hippo,D:\CSDLDPT\data_processed_gray_bmp\hippo\hippo_0012.bmp,D:\CSDLDPT\data_processed_edge_bmp\hippo\hippo_0012.bmp,224,224,20,9864,0.196588,0.193099,0.243150,0.321035,0.242715
hippo,D:\CSDLDPT\data_processed_gray_bmp\hippo\hippo_0013.bmp,D:\CSDLDPT\data_processed_edge_bmp\hippo\hippo_0013.bmp,224,224,20,7507,0.149613,0.180767,0.200954,0.355626,0.262653
hippo,D:\CSDLDPT\data_processed_gray_bmp\hippo\hippo_0014.bmp,D:\CSDLDPT\data_processed_edge_bmp\hippo\hippo_0014.bmp,224,224,20,10940,0.218033,0.177737,0.255056,0.336253,0.230954
horse,D:\CSDLDPT\data_processed_gray_bmp\horse\horse_0001.bmp,D:\CSDLDPT\data_processed_edge_bmp\horse\horse_0001.bmp,224,224,20,5402,0.107661,0.316092,0.169264,0.243274,0.271370
horse,D:\CSDLDPT\data_processed_gray_bmp\horse\horse_0002.bmp,D:\CSDLDPT\data_processed_edge_bmp\horse\horse_0002.bmp,224,224,20,12252,0.244180,0.322951,0.178663,0.226813,0.271572
horse,D:\CSDLDPT\data_processed_gray_bmp\horse\horse_0003.bmp,D:\CSDLDPT\data_processed_edge_bmp\horse\horse_0003.bmp,224,224,20,9307,0.185487,0.327137,0.151350,0.255581,0.265933
horse,D:\CSDLDPT\data_processed_gray_bmp\horse\horse_0004.bmp,D:\CSDLDPT\data_processed_edge_bmp\horse\horse_0004.bmp,224,224,20,11730,0.233777,0.247225,0.296022,0.143637,0.313116
horse,D:\CSDLDPT\data_processed_gray_bmp\horse\horse_0005.bmp,D:\CSDLDPT\data_processed_edge_bmp\horse\horse_0005.bmp,224,224,20,8343,0.166275,0.297174,0.182464,0.314751,0.205611
horse,D:\CSDLDPT\data_processed_gray_bmp\horse\horse_0006.bmp,D:\CSDLDPT\data_processed_edge_bmp\horse\horse_0006.bmp,224,224,20,13332,0.265705,0.284110,0.237050,0.278159,0.200682
horse,D:\CSDLDPT\data_processed_gray_bmp\horse\horse_0007.bmp,D:\CSDLDPT\data_processed_edge_bmp\horse\horse_0007.bmp,224,224,20,5645,0.112504,0.397318,0.170846,0.192229,0.239607
horse,D:\CSDLDPT\data_processed_gray_bmp\horse\horse_0008.bmp,D:\CSDLDPT\data_processed_edge_bmp\horse\horse_0008.bmp,224,224,20,12252,0.244180,0.322951,0.178663,0.226813,0.271572
horse,D:\CSDLDPT\data_processed_gray_bmp\horse\horse_0009.bmp,D:\CSDLDPT\data_processed_edge_bmp\horse\horse_0009.bmp,224,224,20,5715,0.113899,0.391373,0.176386,0.178915,0.253326
horse,D:\CSDLDPT\data_processed_gray_bmp\horse\horse_0010.bmp,D:\CSDLDPT\data_processed_edge_bmp\horse\horse_0010.bmp,224,224,20,4450,0.088688,0.373796,0.154941,0.280602,0.190662
horse,D:\CSDLDPT\data_processed_gray_bmp\horse\horse_0011.bmp,D:\CSDLDPT\data_processed_edge_bmp\horse\horse_0011.bmp,224,224,20,6130,0.122170,0.412519,0.192050,0.178837,0.216594
horse,D:\CSDLDPT\data_processed_gray_bmp\horse\horse_0012.bmp,D:\CSDLDPT\data_processed_edge_bmp\horse\horse_0012.bmp,224,224,20,7296,0.145408,0.417806,0.164211,0.170141,0.247842
horse,D:\CSDLDPT\data_processed_gray_bmp\horse\horse_0013.bmp,D:\CSDLDPT\data_processed_edge_bmp\horse\horse_0013.bmp,224,224,20,8343,0.166275,0.297174,0.182464,0.314751,0.205611
horse,D:\CSDLDPT\data_processed_gray_bmp\horse\horse_0014.bmp,D:\CSDLDPT\data_processed_edge_bmp\horse\horse_0014.bmp,224,224,20,4484,0.089365,0.429296,0.205319,0.137352,0.228033
horse,D:\CSDLDPT\data_processed_gray_bmp\horse\horse_0015.bmp,D:\CSDLDPT\data_processed_edge_bmp\horse\horse_0015.bmp,224,224,20,5580,0.111209,0.327413,0.177257,0.238964,0.256367
horse,D:\CSDLDPT\data_processed_gray_bmp\horse\horse_0016.bmp,D:\CSDLDPT\data_processed_edge_bmp\horse\horse_0016.bmp,224,224,20,9913,0.197565,0.310754,0.206504,0.292571,0.190171
horse,D:\CSDLDPT\data_processed_gray_bmp\horse\horse_0017.bmp,D:\CSDLDPT\data_processed_edge_bmp\horse\horse_0017.bmp,224,224,20,5060,0.100845,0.382486,0.212832,0.173033,0.231649
horse,D:\CSDLDPT\data_processed_gray_bmp\horse\horse_0018.bmp,D:\CSDLDPT\data_processed_edge_bmp\horse\horse_0018.bmp,224,224,20,5405,0.107721,0.374212,0.197852,0.168984,0.258952
horse,D:\CSDLDPT\data_processed_gray_bmp\horse\horse_0019.bmp,D:\CSDLDPT\data_processed_edge_bmp\horse\horse_0019.bmp,224,224,20,9155,0.182458,0.310405,0.166946,0.291772,0.230876
horse,D:\CSDLDPT\data_processed_gray_bmp\horse\horse_0020.bmp,D:\CSDLDPT\data_processed_edge_bmp\horse\horse_0020.bmp,224,224,20,4557,0.090820,0.273536,0.166796,0.240177,0.319490
horse,D:\CSDLDPT\data_processed_gray_bmp\horse\horse_0021.bmp,D:\CSDLDPT\data_processed_edge_bmp\horse\horse_0021.bmp,224,224,20,6615,0.131836,0.377399,0.167962,0.201225,0.253414
horse,D:\CSDLDPT\data_processed_gray_bmp\horse\horse_0022.bmp,D:\CSDLDPT\data_processed_edge_bmp\horse\horse_0022.bmp,224,224,20,5144,0.102519,0.469316,0.174584,0.141687,0.214413
horse,D:\CSDLDPT\data_processed_gray_bmp\horse\horse_0023.bmp,D:\CSDLDPT\data_processed_edge_bmp\horse\horse_0023.bmp,224,224,20,8724,0.173868,0.190939,0.161203,0.370426,0.277432
horse,D:\CSDLDPT\data_processed_gray_bmp\horse\horse_0024.bmp,D:\CSDLDPT\data_processed_edge_bmp\horse\horse_0024.bmp,224,224,20,5642,0.112444,0.328629,0.189877,0.192933,0.288561
horse,D:\CSDLDPT\data_processed_gray_bmp\horse\horse_0025.bmp,D:\CSDLDPT\data_processed_edge_bmp\horse\horse_0025.bmp,224,224,20,4450,0.088688,0.373796,0.154941,0.280602,0.190662
horse,D:\CSDLDPT\data_processed_gray_bmp\horse\horse_0026.bmp,D:\CSDLDPT\data_processed_edge_bmp\horse\horse_0026.bmp,224,224,20,9607,0.191466,0.235054,0.169707,0.370634,0.224604
horse,D:\CSDLDPT\data_processed_gray_bmp\horse\horse_0027.bmp,D:\CSDLDPT\data_processed_edge_bmp\horse\horse_0027.bmp,224,224,20,7142,0.142339,0.347302,0.147534,0.236880,0.268283
horse,D:\CSDLDPT\data_processed_gray_bmp\horse\horse_0028.bmp,D:\CSDLDPT\data_processed_edge_bmp\horse\horse_0028.bmp,224,224,20,5580,0.111209,0.327413,0.177257,0.238964,0.256367
horse,D:\CSDLDPT\data_processed_gray_bmp\horse\horse_0029.bmp,D:\CSDLDPT\data_processed_edge_bmp\horse\horse_0029.bmp,224,224,20,9913,0.197565,0.310754,0.206504,0.292571,0.190171
horse,D:\CSDLDPT\data_processed_gray_bmp\horse\horse_0030.bmp,D:\CSDLDPT\data_processed_edge_bmp\horse\horse_0030.bmp,224,224,20,8974,0.178850,0.257803,0.187696,0.288903,0.265598
horse,D:\CSDLDPT\data_processed_gray_bmp\horse\horse_0031.bmp,D:\CSDLDPT\data_processed_edge_bmp\horse\horse_0031.bmp,224,224,20,6398,0.127511,0.301915,0.153831,0.326093,0.218161
horse,D:\CSDLDPT\data_processed_gray_bmp\horse\horse_0032.bmp,D:\CSDLDPT\data_processed_edge_bmp\horse\horse_0032.bmp,224,224,20,14631,0.291594,0.207624,0.205344,0.323141,0.263891
horse,D:\CSDLDPT\data_processed_gray_bmp\horse\horse_0033.bmp,D:\CSDLDPT\data_processed_edge_bmp\horse\horse_0033.bmp,224,224,20,9167,0.182697,0.219130,0.145781,0.441084,0.194005
horse,D:\CSDLDPT\data_processed_gray_bmp\horse\horse_0034.bmp,D:\CSDLDPT\data_processed_edge_bmp\horse\horse_0034.bmp,224,224,20,5689,0.113381,0.347599,0.176269,0.193989,0.282143
horse,D:\CSDLDPT\data_processed_gray_bmp\horse\horse_0035.bmp,D:\CSDLDPT\data_processed_edge_bmp\horse\horse_0035.bmp,224,224,20,6090,0.121373,0.397997,0.176237,0.186540,0.239226
horse,D:\CSDLDPT\data_processed_gray_bmp\horse\horse_0036.bmp,D:\CSDLDPT\data_processed_edge_bmp\horse\horse_0036.bmp,224,224,20,10775,0.214744,0.273322,0.226990,0.249395,0.250293
horse,D:\CSDLDPT\data_processed_gray_bmp\horse\horse_0037.bmp,D:\CSDLDPT\data_processed_edge_bmp\horse\horse_0037.bmp,224,224,20,11714,0.233458,0.325403,0.195667,0.232965,0.245965
horse,D:\CSDLDPT\data_processed_gray_bmp\horse\horse_0038.bmp,D:\CSDLDPT\data_processed_edge_bmp\horse\horse_0038.bmp,224,224,20,12381,0.246751,0.251775,0.132779,0.405138,0.210308
horse,D:\CSDLDPT\data_processed_gray_bmp\horse\horse_0039.bmp,D:\CSDLDPT\data_processed_edge_bmp\horse\horse_0039.bmp,224,224,20,5940,0.118383,0.368301,0.192132,0.197386,0.242181
pig,D:\CSDLDPT\data_processed_gray_bmp\pig\pig_0001.bmp,D:\CSDLDPT\data_processed_edge_bmp\pig\pig_0001.bmp,224,224,20,4625,0.092176,0.214758,0.333273,0.348531,0.103439
pig,D:\CSDLDPT\data_processed_gray_bmp\pig\pig_0002.bmp,D:\CSDLDPT\data_processed_edge_bmp\pig\pig_0002.bmp,224,224,20,5024,0.100128,0.224867,0.283504,0.250839,0.240790
pig,D:\CSDLDPT\data_processed_gray_bmp\pig\pig_0003.bmp,D:\CSDLDPT\data_processed_edge_bmp\pig\pig_0003.bmp,224,224,20,9050,0.180365,0.207672,0.219666,0.315361,0.257301
pig,D:\CSDLDPT\data_processed_gray_bmp\pig\pig_0004.bmp,D:\CSDLDPT\data_processed_edge_bmp\pig\pig_0004.bmp,224,224,20,10585,0.210957,0.173043,0.260478,0.377761,0.188718
pig,D:\CSDLDPT\data_processed_gray_bmp\pig\pig_0005.bmp,D:\CSDLDPT\data_processed_edge_bmp\pig\pig_0005.bmp,224,224,20,8300,0.165418,0.229096,0.182071,0.353499,0.235334
pig,D:\CSDLDPT\data_processed_gray_bmp\pig\pig_0006.bmp,D:\CSDLDPT\data_processed_edge_bmp\pig\pig_0006.bmp,224,224,20,5252,0.104672,0.193565,0.224398,0.417767,0.164269
pig,D:\CSDLDPT\data_processed_gray_bmp\pig\pig_0007.bmp,D:\CSDLDPT\data_processed_edge_bmp\pig\pig_0007.bmp,224,224,20,8984,0.179050,0.173835,0.194273,0.387215,0.244677
pig,D:\CSDLDPT\data_processed_gray_bmp\pig\pig_0008.bmp,D:\CSDLDPT\data_processed_edge_bmp\pig\pig_0008.bmp,224,224,20,3108,0.061942,0.245159,0.223856,0.357794,0.173192
pig,D:\CSDLDPT\data_processed_gray_bmp\pig\pig_0009.bmp,D:\CSDLDPT\data_processed_edge_bmp\pig\pig_0009.bmp,224,224,20,9910,0.197505,0.214995,0.217557,0.315455,0.251992
pig,D:\CSDLDPT\data_processed_gray_bmp\pig\pig_0010.bmp,D:\CSDLDPT\data_processed_edge_bmp\pig\pig_0010.bmp,224,224,20,11065,0.220524,0.265693,0.178283,0.340719,0.215306
pig,D:\CSDLDPT\data_processed_gray_bmp\pig\pig_0011.bmp,D:\CSDLDPT\data_processed_edge_bmp\pig\pig_0011.bmp,224,224,20,8832,0.176020,0.200025,0.241741,0.283825,0.274410
pig,D:\CSDLDPT\data_processed_gray_bmp\pig\pig_0012.bmp,D:\CSDLDPT\data_processed_edge_bmp\pig\pig_0012.bmp,224,224,20,7941,0.158263,0.203094,0.211674,0.372494,0.212737
pig,D:\CSDLDPT\data_processed_gray_bmp\pig\pig_0013.bmp,D:\CSDLDPT\data_processed_edge_bmp\pig\pig_0013.bmp,224,224,20,6814,0.135802,0.180603,0.187478,0.381123,0.250796
pig,D:\CSDLDPT\data_processed_gray_bmp\pig\pig_0014.bmp,D:\CSDLDPT\data_processed_edge_bmp\pig\pig_0014.bmp,224,224,20,14553,0.290039,0.220616,0.198194,0.296699,0.284490
pig,D:\CSDLDPT\data_processed_gray_bmp\pig\pig_0015.bmp,D:\CSDLDPT\data_processed_edge_bmp\pig\pig_0015.bmp,224,224,20,6612,0.131776,0.171817,0.204147,0.418328,0.205709
pig,D:\CSDLDPT\data_processed_gray_bmp\pig\pig_0016.bmp,D:\CSDLDPT\data_processed_edge_bmp\pig\pig_0016.bmp,224,224,20,10474,0.208745,0.235538,0.271533,0.294005,0.198924
pig,D:\CSDLDPT\data_processed_gray_bmp\pig\pig_0017.bmp,D:\CSDLDPT\data_processed_edge_bmp\pig\pig_0017.bmp,224,224,20,2690,0.053611,0.313080,0.210095,0.271300,0.205525
rabbit,D:\CSDLDPT\data_processed_gray_bmp\rabbit\rabbit_0001.bmp,D:\CSDLDPT\data_processed_edge_bmp\rabbit\rabbit_0001.bmp,224,224,20,10772,0.214684,0.226014,0.283161,0.274043,0.216781
rabbit,D:\CSDLDPT\data_processed_gray_bmp\rabbit\rabbit_0002.bmp,D:\CSDLDPT\data_processed_edge_bmp\rabbit\rabbit_0002.bmp,224,224,20,10856,0.216358,0.219377,0.235306,0.285199,0.260118
rabbit,D:\CSDLDPT\data_processed_gray_bmp\rabbit\rabbit_0003.bmp,D:\CSDLDPT\data_processed_edge_bmp\rabbit\rabbit_0003.bmp,224,224,20,5475,0.109116,0.236816,0.266181,0.269295,0.227707
rabbit,D:\CSDLDPT\data_processed_gray_bmp\rabbit\rabbit_0004.bmp,D:\CSDLDPT\data_processed_edge_bmp\rabbit\rabbit_0004.bmp,224,224,20,13454,0.268136,0.189649,0.305738,0.278661,0.225952
rabbit,D:\CSDLDPT\data_processed_gray_bmp\rabbit\rabbit_0005.bmp,D:\CSDLDPT\data_processed_edge_bmp\rabbit\rabbit_0005.bmp,224,224,20,7973,0.158901,0.252503,0.243497,0.277799,0.226201
rabbit,D:\CSDLDPT\data_processed_gray_bmp\rabbit\rabbit_0006.bmp,D:\CSDLDPT\data_processed_edge_bmp\rabbit\rabbit_0006.bmp,224,224,20,10055,0.200395,0.226433,0.268129,0.272207,0.233230
rabbit,D:\CSDLDPT\data_processed_gray_bmp\rabbit\rabbit_0007.bmp,D:\CSDLDPT\data_processed_edge_bmp\rabbit\rabbit_0007.bmp,224,224,20,5902,0.117626,0.195364,0.214372,0.305395,0.284869
rabbit,D:\CSDLDPT\data_processed_gray_bmp\rabbit\rabbit_0008.bmp,D:\CSDLDPT\data_processed_edge_bmp\rabbit\rabbit_0008.bmp,224,224,20,3928,0.078284,0.158849,0.302416,0.382556,0.156179
rabbit,D:\CSDLDPT\data_processed_gray_bmp\rabbit\rabbit_0009.bmp,D:\CSDLDPT\data_processed_edge_bmp\rabbit\rabbit_0009.bmp,224,224,20,7095,0.141402,0.229376,0.246457,0.281222,0.242945
rabbit,D:\CSDLDPT\data_processed_gray_bmp\rabbit\rabbit_0010.bmp,D:\CSDLDPT\data_processed_edge_bmp\rabbit\rabbit_0010.bmp,224,224,20,6241,0.124382,0.265710,0.252730,0.240480,0.241080
rabbit,D:\CSDLDPT\data_processed_gray_bmp\rabbit\rabbit_0011.bmp,D:\CSDLDPT\data_processed_edge_bmp\rabbit\rabbit_0011.bmp,224,224,20,6260,0.124761,0.268228,0.225307,0.281215,0.225250
rabbit,D:\CSDLDPT\data_processed_gray_bmp\rabbit\rabbit_0012.bmp,D:\CSDLDPT\data_processed_edge_bmp\rabbit\rabbit_0012.bmp,224,224,20,4591,0.091498,0.150233,0.254709,0.335166,0.259891
rabbit,D:\CSDLDPT\data_processed_gray_bmp\rabbit\rabbit_0013.bmp,D:\CSDLDPT\data_processed_edge_bmp\rabbit\rabbit_0013.bmp,224,224,20,5413,0.107880,0.235219,0.309881,0.265896,0.189004
rabbit,D:\CSDLDPT\data_processed_gray_bmp\rabbit\rabbit_0014.bmp,D:\CSDLDPT\data_processed_edge_bmp\rabbit\rabbit_0014.bmp,224,224,20,8669,0.172772,0.171469,0.353905,0.280008,0.194618
rabbit,D:\CSDLDPT\data_processed_gray_bmp\rabbit\rabbit_0015.bmp,D:\CSDLDPT\data_processed_edge_bmp\rabbit\rabbit_0015.bmp,224,224,20,5000,0.099649,0.280494,0.258289,0.232876,0.228341
rabbit,D:\CSDLDPT\data_processed_gray_bmp\rabbit\rabbit_0016.bmp,D:\CSDLDPT\data_processed_edge_bmp\rabbit\rabbit_0016.bmp,224,224,20,6089,0.121353,0.278903,0.280061,0.226949,0.214087
rabbit,D:\CSDLDPT\data_processed_gray_bmp\rabbit\rabbit_0017.bmp,D:\CSDLDPT\data_processed_edge_bmp\rabbit\rabbit_0017.bmp,224,224,20,4684,0.093351,0.245594,0.251090,0.257164,0.246152
rabbit,D:\CSDLDPT\data_processed_gray_bmp\rabbit\rabbit_0018.bmp,D:\CSDLDPT\data_processed_edge_bmp\rabbit\rabbit_0018.bmp,224,224,20,7398,0.147441,0.190829,0.261860,0.325307,0.222004
rabbit,D:\CSDLDPT\data_processed_gray_bmp\rabbit\rabbit_0019.bmp,D:\CSDLDPT\data_processed_edge_bmp\rabbit\rabbit_0019.bmp,224,224,20,6540,0.130341,0.219370,0.225217,0.303380,0.252034
rabbit,D:\CSDLDPT\data_processed_gray_bmp\rabbit\rabbit_0020.bmp,D:\CSDLDPT\data_processed_edge_bmp\rabbit\rabbit_0020.bmp,224,224,20,11867,0.236507,0.240441,0.292049,0.237959,0.229551
rabbit,D:\CSDLDPT\data_processed_gray_bmp\rabbit\rabbit_0021.bmp,D:\CSDLDPT\data_processed_edge_bmp\rabbit\rabbit_0021.bmp,224,224,20,9747,0.194256,0.243407,0.273787,0.251563,0.231243
rabbit,D:\CSDLDPT\data_processed_gray_bmp\rabbit\rabbit_0022.bmp,D:\CSDLDPT\data_processed_edge_bmp\rabbit\rabbit_0022.bmp,224,224,20,5932,0.118224,0.312062,0.278381,0.205303,0.204254
rhino,D:\CSDLDPT\data_processed_gray_bmp\rhino\rhino_0001.bmp,D:\CSDLDPT\data_processed_edge_bmp\rhino\rhino_0001.bmp,224,224,20,5274,0.105110,0.263830,0.234456,0.252183,0.249531
rhino,D:\CSDLDPT\data_processed_gray_bmp\rhino\rhino_0002.bmp,D:\CSDLDPT\data_processed_edge_bmp\rhino\rhino_0002.bmp,224,224,20,8179,0.163006,0.195860,0.193989,0.417919,0.192232
rhino,D:\CSDLDPT\data_processed_gray_bmp\rhino\rhino_0003.bmp,D:\CSDLDPT\data_processed_edge_bmp\rhino\rhino_0003.bmp,224,224,20,8381,0.167032,0.228745,0.236435,0.282401,0.252420
rhino,D:\CSDLDPT\data_processed_gray_bmp\rhino\rhino_0004.bmp,D:\CSDLDPT\data_processed_edge_bmp\rhino\rhino_0004.bmp,224,224,20,10060,0.200494,0.220854,0.263544,0.257172,0.258430
rhino,D:\CSDLDPT\data_processed_gray_bmp\rhino\rhino_0005.bmp,D:\CSDLDPT\data_processed_edge_bmp\rhino\rhino_0005.bmp,224,224,20,4392,0.087532,0.239121,0.230924,0.259655,0.270300
rhino,D:\CSDLDPT\data_processed_gray_bmp\rhino\rhino_0006.bmp,D:\CSDLDPT\data_processed_edge_bmp\rhino\rhino_0006.bmp,224,224,20,15092,0.300781,0.222782,0.228912,0.279122,0.269183
rhino,D:\CSDLDPT\data_processed_gray_bmp\rhino\rhino_0007.bmp,D:\CSDLDPT\data_processed_edge_bmp\rhino\rhino_0007.bmp,224,224,20,5666,0.112923,0.242139,0.225764,0.233461,0.298636
rhino,D:\CSDLDPT\data_processed_gray_bmp\rhino\rhino_0008.bmp,D:\CSDLDPT\data_processed_edge_bmp\rhino\rhino_0008.bmp,224,224,20,6759,0.134706,0.329738,0.247952,0.207964,0.214346
rhino,D:\CSDLDPT\data_processed_gray_bmp\rhino\rhino_0009.bmp,D:\CSDLDPT\data_processed_edge_bmp\rhino\rhino_0009.bmp,224,224,20,5574,0.111089,0.298200,0.206596,0.260387,0.234817
rhino,D:\CSDLDPT\data_processed_gray_bmp\rhino\rhino_0010.bmp,D:\CSDLDPT\data_processed_edge_bmp\rhino\rhino_0010.bmp,224,224,20,4391,0.087512,0.269985,0.197972,0.285875,0.246168
rhino,D:\CSDLDPT\data_processed_gray_bmp\rhino\rhino_0011.bmp,D:\CSDLDPT\data_processed_edge_bmp\rhino\rhino_0011.bmp,224,224,20,3884,0.077408,0.226984,0.216126,0.299379,0.257511
rhino,D:\CSDLDPT\data_processed_gray_bmp\rhino\rhino_0012.bmp,D:\CSDLDPT\data_processed_edge_bmp\rhino\rhino_0012.bmp,224,224,20,8147,0.162368,0.208006,0.254790,0.297732,0.239472
rhino,D:\CSDLDPT\data_processed_gray_bmp\rhino\rhino_0013.bmp,D:\CSDLDPT\data_processed_edge_bmp\rhino\rhino_0013.bmp,224,224,20,9464,0.188616,0.213785,0.234143,0.320692,0.231380
rhino,D:\CSDLDPT\data_processed_gray_bmp\rhino\rhino_0014.bmp,D:\CSDLDPT\data_processed_edge_bmp\rhino\rhino_0014.bmp,224,224,20,4766,0.094986,0.266520,0.200147,0.247835,0.285498
rhino,D:\CSDLDPT\data_processed_gray_bmp\rhino\rhino_0015.bmp,D:\CSDLDPT\data_processed_edge_bmp\rhino\rhino_0015.bmp,224,224,20,15764,0.314174,0.234868,0.235144,0.298150,0.231838
rhino,D:\CSDLDPT\data_processed_gray_bmp\rhino\rhino_0016.bmp,D:\CSDLDPT\data_processed_edge_bmp\rhino\rhino_0016.bmp,224,224,20,8487,0.169145,0.180372,0.231804,0.402705,0.185120
rhino,D:\CSDLDPT\data_processed_gray_bmp\rhino\rhino_0017.bmp,D:\CSDLDPT\data_processed_edge_bmp\rhino\rhino_0017.bmp,224,224,20,9918,0.197664,0.262705,0.256424,0.254663,0.226209
tiger,D:\CSDLDPT\data_processed_gray_bmp\tiger\tiger_0001.bmp,D:\CSDLDPT\data_processed_edge_bmp\tiger\tiger_0001.bmp,224,224,20,18959,0.377850,0.277891,0.222302,0.217656,0.282151
tiger,D:\CSDLDPT\data_processed_gray_bmp\tiger\tiger_0002.bmp,D:\CSDLDPT\data_processed_edge_bmp\tiger\tiger_0002.bmp,224,224,20,7348,0.146445,0.341547,0.203700,0.186822,0.267931
tiger,D:\CSDLDPT\data_processed_gray_bmp\tiger\tiger_0003.bmp,D:\CSDLDPT\data_processed_edge_bmp\tiger\tiger_0003.bmp,224,224,20,18310,0.364915,0.286831,0.320935,0.162376,0.229858
tiger,D:\CSDLDPT\data_processed_gray_bmp\tiger\tiger_0004.bmp,D:\CSDLDPT\data_processed_edge_bmp\tiger\tiger_0004.bmp,224,224,20,19557,0.389768,0.402879,0.211019,0.141282,0.244820
tiger,D:\CSDLDPT\data_processed_gray_bmp\tiger\tiger_0005.bmp,D:\CSDLDPT\data_processed_edge_bmp\tiger\tiger_0005.bmp,224,224,20,14448,0.287946,0.285754,0.197624,0.273262,0.243359
tiger,D:\CSDLDPT\data_processed_gray_bmp\tiger\tiger_0006.bmp,D:\CSDLDPT\data_processed_edge_bmp\tiger\tiger_0006.bmp,224,224,20,18513,0.368961,0.273183,0.248454,0.215524,0.262839
tiger,D:\CSDLDPT\data_processed_gray_bmp\tiger\tiger_0007.bmp,D:\CSDLDPT\data_processed_edge_bmp\tiger\tiger_0007.bmp,224,224,20,12546,0.250040,0.351232,0.272930,0.158366,0.217473
tiger,D:\CSDLDPT\data_processed_gray_bmp\tiger\tiger_0008.bmp,D:\CSDLDPT\data_processed_edge_bmp\tiger\tiger_0008.bmp,224,224,20,7011,0.139728,0.332840,0.202202,0.166734,0.298224
tiger,D:\CSDLDPT\data_processed_gray_bmp\tiger\tiger_0009.bmp,D:\CSDLDPT\data_processed_edge_bmp\tiger\tiger_0009.bmp,224,224,20,6522,0.129982,0.340924,0.246132,0.157890,0.255055
tiger,D:\CSDLDPT\data_processed_gray_bmp\tiger\tiger_0010.bmp,D:\CSDLDPT\data_processed_edge_bmp\tiger\tiger_0010.bmp,224,224,20,16945,0.337711,0.291317,0.237386,0.187387,0.283911
tiger,D:\CSDLDPT\data_processed_gray_bmp\tiger\tiger_0011.bmp,D:\CSDLDPT\data_processed_edge_bmp\tiger\tiger_0011.bmp,224,224,20,11738,0.233937,0.296446,0.229587,0.210732,0.263234
tiger,D:\CSDLDPT\data_processed_gray_bmp\tiger\tiger_0012.bmp,D:\CSDLDPT\data_processed_edge_bmp\tiger\tiger_0012.bmp,224,224,20,19595,0.390525,0.341056,0.291169,0.153188,0.214586
tiger,D:\CSDLDPT\data_processed_gray_bmp\tiger\tiger_0013.bmp,D:\CSDLDPT\data_processed_edge_bmp\tiger\tiger_0013.bmp,224,224,20,13245,0.263971,0.300376,0.228020,0.228504,0.243100
tiger,D:\CSDLDPT\data_processed_gray_bmp\tiger\tiger_0014.bmp,D:\CSDLDPT\data_processed_edge_bmp\tiger\tiger_0014.bmp,224,224,20,8517,0.169743,0.273133,0.217826,0.169968,0.339074
tiger,D:\CSDLDPT\data_processed_gray_bmp\tiger\tiger_0015.bmp,D:\CSDLDPT\data_processed_edge_bmp\tiger\tiger_0015.bmp,224,224,20,9474,0.188815,0.326773,0.219542,0.155334,0.298351
zebra,D:\CSDLDPT\data_processed_gray_bmp\zebra\zebra_0001.bmp,D:\CSDLDPT\data_processed_edge_bmp\zebra\zebra_0001.bmp,224,224,20,16167,0.322206,0.272920,0.380436,0.189419,0.157225
zebra,D:\CSDLDPT\data_processed_gray_bmp\zebra\zebra_0002.bmp,D:\CSDLDPT\data_processed_edge_bmp\zebra\zebra_0002.bmp,224,224,20,18432,0.367347,0.314483,0.332771,0.160014,0.192732
zebra,D:\CSDLDPT\data_processed_gray_bmp\zebra\zebra_0003.bmp,D:\CSDLDPT\data_processed_edge_bmp\zebra\zebra_0003.bmp,224,224,20,13524,0.269531,0.311028,0.344672,0.156144,0.188157
zebra,D:\CSDLDPT\data_processed_gray_bmp\zebra\zebra_0004.bmp,D:\CSDLDPT\data_processed_edge_bmp\zebra\zebra_0004.bmp,224,224,20,15897,0.316825,0.370643,0.299321,0.173467,0.156568
zebra,D:\CSDLDPT\data_processed_gray_bmp\zebra\zebra_0005.bmp,D:\CSDLDPT\data_processed_edge_bmp\zebra\zebra_0005.bmp,224,224,20,15802,0.314931,0.261213,0.325516,0.242870,0.170400
zebra,D:\CSDLDPT\data_processed_gray_bmp\zebra\zebra_0006.bmp,D:\CSDLDPT\data_processed_edge_bmp\zebra\zebra_0006.bmp,224,224,20,16352,0.325893,0.273948,0.364818,0.199170,0.162064
zebra,D:\CSDLDPT\data_processed_gray_bmp\zebra\zebra_0007.bmp,D:\CSDLDPT\data_processed_edge_bmp\zebra\zebra_0007.bmp,224,224,20,14368,0.286352,0.352356,0.233152,0.177360,0.237132
zebra,D:\CSDLDPT\data_processed_gray_bmp\zebra\zebra_0008.bmp,D:\CSDLDPT\data_processed_edge_bmp\zebra\zebra_0008.bmp,224,224,20,14204,0.283084,0.341680,0.292106,0.157435,0.208779
zebra,D:\CSDLDPT\data_processed_gray_bmp\zebra\zebra_0009.bmp,D:\CSDLDPT\data_processed_edge_bmp\zebra\zebra_0009.bmp,224,224,20,13517,0.269392,0.303161,0.381088,0.167830,0.147921
zebra,D:\CSDLDPT\data_processed_gray_bmp\zebra\zebra_0010.bmp,D:\CSDLDPT\data_processed_edge_bmp\zebra\zebra_0010.bmp,224,224,20,9677,0.192861,0.344575,0.344263,0.119312,0.191850
zebra,D:\CSDLDPT\data_processed_gray_bmp\zebra\zebra_0011.bmp,D:\CSDLDPT\data_processed_edge_bmp\zebra\zebra_0011.bmp,224,224,20,16792,0.334662,0.220948,0.325295,0.237113,0.216644
zebra,D:\CSDLDPT\data_processed_gray_bmp\zebra\zebra_0012.bmp,D:\CSDLDPT\data_processed_edge_bmp\zebra\zebra_0012.bmp,224,224,20,14137,0.281748,0.315606,0.330088,0.208352,0.145954
zebra,D:\CSDLDPT\data_processed_gray_bmp\zebra\zebra_0013.bmp,D:\CSDLDPT\data_processed_edge_bmp\zebra\zebra_0013.bmp,224,224,20,8783,0.175044,0.233886,0.421339,0.170567,0.174208
zebra,D:\CSDLDPT\data_processed_gray_bmp\zebra\zebra_0014.bmp,D:\CSDLDPT\data_processed_edge_bmp\zebra\zebra_0014.bmp,224,224,20,18056,0.359853,0.328812,0.320668,0.150335,0.200185
zebra,D:\CSDLDPT\data_processed_gray_bmp\zebra\zebra_0015.bmp,D:\CSDLDPT\data_processed_edge_bmp\zebra\zebra_0015.bmp,224,224,20,15768,0.314254,0.268253,0.383836,0.193767,0.154144
zebra,D:\CSDLDPT\data_processed_gray_bmp\zebra\zebra_0016.bmp,D:\CSDLDPT\data_processed_edge_bmp\zebra\zebra_0016.bmp,224,224,20,8072,0.160874,0.319390,0.347053,0.192677,0.140880
zebra,D:\CSDLDPT\data_processed_gray_bmp\zebra\zebra_0017.bmp,D:\CSDLDPT\data_processed_edge_bmp\zebra\zebra_0017.bmp,224,224,20,8969,0.178751,0.383647,0.253531,0.187501,0.175320
zebra,D:\CSDLDPT\data_processed_gray_bmp\zebra\zebra_0018.bmp,D:\CSDLDPT\data_processed_edge_bmp\zebra\zebra_0018.bmp,224,224,20,17376,0.346301,0.322608,0.334493,0.193963,0.148935
zebra,D:\CSDLDPT\data_processed_gray_bmp\zebra\zebra_0019.bmp,D:\CSDLDPT\data_processed_edge_bmp\zebra\zebra_0019.bmp,224,224,20,9465,0.188636,0.355460,0.355583,0.106520,0.182438
