class_name,source_path,gray_path,width,height,formula
camel,D:\CSDLDPT\data_processed_bmp\camel\camel_0001.bmp,D:\CSDLDPT\data_processed_gray_bmp\camel\camel_0001.bmp,224,224,gray=0.299R+0.587G+0.114B
camel,D:\CSDLDPT\data_processed_bmp\camel\camel_0002.bmp,D:\CSDLDPT\data_processed_gray_bmp\camel\camel_0002.bmp,224,224,gray=0.299R+0.587G+0.114B
camel,D:\CSDLDPT\data_processed_bmp\camel\camel_0003.bmp,D:\CSDLDPT\data_processed_gray_bmp\camel\camel_0003.bmp,224,224,gray=0.299R+0.587G+0.114B
camel,D:\CSDLDPT\data_processed_bmp\camel\camel_0004.bmp,D:\CSDLDPT\data_processed_gray_bmp\camel\camel_0004.bmp,224,224,gray=0.299R+0.587G+0.114B
camel,D:\CSDLDPT\data_processed_bmp\camel\camel_0005.bmp,D:\CSDLDPT\data_processed_gray_bmp\camel\camel_0005.bmp,224,224,gray=0.299R+0.587G+0.114B
camel,D:\CSDLDPT\data_processed_bmp\camel\camel_0006.bmp,D:\CSDLDPT\data_processed_gray_bmp\camel\camel_0006.bmp,224,224,gray=0.299R+0.587G+0.114B
camel,D:\CSDLDPT\data_processed_bmp\camel\camel_0007.bmp,D:\CSDLDPT\data_processed_gray_bmp\camel\camel_0007.bmp,224,224,gray=0.299R+0.587G+0.114B
camel,D:\CSDLDPT\data_processed_bmp\camel\camel_0008.bmp,D:\CSDLDPT\data_processed_gray_bmp\camel\camel_0008.bmp,224,224,gray=0.299R+0.587G+0.114B
camel,D:\CSDLDPT\data_processed_bmp\camel\camel_0009.bmp,D:\CSDLDPT\data_processed_gray_bmp\camel\camel_0009.bmp,224,224,gray=0.299R+0.587G+0.114B
camel,D:\CSDLDPT\data_processed_bmp\camel\camel_0010.bmp,D:\CSDLDPT\data_processed_gray_bmp\camel\camel_0010.bmp,224,224,gray=0.299R+0.587G+0.114B
camel,D:\CSDLDPT\data_processed_bmp\camel\camel_0011.bmp,D:\CSDLDPT\data_processed_gray_bmp\camel\camel_0011.bmp,224,224,gray=0.299R+0.587G+0.114B
camel,D:\CSDLDPT\data_processed_bmp\camel\camel_0012.bmp,D:\CSDLDPT\data_processed_gray_bmp\camel\camel_0012.bmp,224,224,gray=0.299R+0.587G+0.114B
camel,D:\CSDLDPT\data_processed_bmp\camel\camel_0013.bmp,D:\CSDLDPT\data_processed_gray_bmp\camel\camel_0013.bmp,224,224,gray=0.299R+0.587G+0.114B
camel,D:\CSDLDPT\data_processed_bmp\camel\camel_0014.bmp,D:\CSDLDPT\data_processed_gray_bmp\camel\camel_0014.bmp,224,224,gray=0.299R+0.587G+0.114B
camel,D:\CSDLDPT\data_processed_bmp\camel\camel_0015.bmp,D:\CSDLDPT\data_processed_gray_bmp\camel\camel_0015.bmp,224,224,gray=0.299R+0.587G+0.114B
camel,D:\CSDLDPT\data_processed_bmp\camel\camel_0016.bmp,D:\CSDLDPT\data_processed_gray_bmp\camel\camel_0016.bmp,224,224,gray=0.299R+0.587G+0.114B
camel,D:\CSDLDPT\data_processed_bmp\camel\camel_0017.bmp,D:\CSDLDPT\data_processed_gray_bmp\camel\camel_0017.bmp,224,224,gray=0.299R+0.587G+0.114B
cat,D:\CSDLDPT\data_processed_bmp\cat\cat_0001.bmp,D:\CSDLDPT\data_processed_gray_bmp\cat\cat_0001.bmp,224,224,gray=0.299R+0.587G+0.114B
cat,D:\CSDLDPT\data_processed_bmp\cat\cat_0002.bmp,D:\CSDLDPT\data_processed_gray_bmp\cat\cat_0002.bmp,224,224,gray=0.299R+0.587G+0.114B
cat,D:\CSDLDPT\data_processed_bmp\cat\cat_0003.bmp,D:\CSDLDPT\data_processed_gray_bmp\cat\cat_0003.bmp,224,224,gray=0.299R+0.587G+0.114B
cat,D:\CSDLDPT\data_processed_bmp\cat\cat_0004.bmp,D:\CSDLDPT\data_processed_gray_bmp\cat\cat_0004.bmp,224,224,gray=0.299R+0.587G+0.114B
cat,D:\CSDLDPT\data_processed_bmp\cat\cat_0005.bmp,D:\CSDLDPT\data_processed_gray_bmp\cat\cat_0005.bmp,224,224,gray=0.299R+0.587G+0.114B
cat,D:\CSDLDPT\data_processed_bmp\cat\cat_0006.bmp,D:\CSDLDPT\data_processed_gray_bmp\cat\cat_0006.bmp,224,224,gray=0.299R+0.587G+0.114B
cat,D:\CSDLDPT\data_processed_bmp\cat\cat_0007.bmp,D:\CSDLDPT\data_processed_gray_bmp\cat\cat_0007.bmp,224,224,gray=0.299R+0.587G+0.114B
cat,D:\CSDLDPT\data_processed_bmp\cat\cat_0008.bmp,D:\CSDLDPT\data_processed_gray_bmp\cat\cat_0008.bmp,224,224,gray=0.299R+0.587G+0.114B
cat,D:\CSDLDPT\data_processed_bmp\cat\cat_0009.bmp,D:\CSDLDPT\data_processed_gray_bmp\cat\cat_0009.bmp,224,224,gray=0.299R+0.587G+0.114B
cat,D:\CSDLDPT\data_processed_bmp\cat\cat_0010.bmp,D:\CSDLDPT\data_processed_gray_bmp\cat\cat_0010.bmp,224,224,gray=0.299R+0.587G+0.114B
cat,D:\CSDLDPT\data_processed_bmp\cat\cat_0011.bmp,D:\CSDLDPT\data_processed_gray_bmp\cat\cat_0011.bmp,224,224,gray=0.299R+0.587G+0.114B
cat,D:\CSDLDPT\data_processed_bmp\cat\cat_0012.bmp,D:\CSDLDPT\data_processed_gray_bmp\cat\cat_0012.bmp,224,224,gray=0.299R+0.587G+0.114B
cat,D:\CSDLDPT\data_processed_bmp\cat\cat_0013.bmp,D:\CSDLDPT\data_processed_gray_bmp\cat\cat_0013.bmp,224,224,gray=0.299R+0.587G+0.114B
cat,D:\CSDLDPT\data_processed_bmp\cat\cat_0014.bmp,D:\CSDLDPT\data_processed_gray_bmp\cat\cat_0014.bmp,224,224,gray=0.299R+0.587G+0.114B
cat,D:\CSDLDPT\data_processed_bmp\cat\cat_0015.bmp,D:\CSDLDPT\data_processed_gray_bmp\cat\cat_0015.bmp,224,224,gray=0.299R+0.587G+0.114B
cat,D:\CSDLDPT\data_processed_bmp\cat\cat_0016.bmp,D:\CSDLDPT\data_processed_gray_bmp\cat\cat_0016.bmp,224,224,gray=0.299R+0.587G+0.114B
cat,D:\CSDLDPT\data_processed_bmp\cat\cat_0017.bmp,D:\CSDLDPT\data_processed_gray_bmp\cat\cat_0017.bmp,224,224,gray=0.299R+0.587G+0.114B
cat,D:\CSDLDPT\data_processed_bmp\cat\cat_0018.bmp,D:\CSDLDPT\data_processed_gray_bmp\cat\cat_0018.bmp,224,224,gray=0.299R+0.587G+0.114B
cat,D:\CSDLDPT\data_processed_bmp\cat\cat_0019.bmp,D:\CSDLDPT\data_processed_gray_bmp\cat\cat_0019.bmp,224,224,gray=0.299R+0.587G+0.114B
cat,D:\CSDLDPT\data_processed_bmp\cat\cat_0020.bmp,D:\CSDLDPT\data_processed_gray_bmp\cat\cat_0020.bmp,224,224,gray=0.299R+0.587G+0.114B
cat,D:\CSDLDPT\data_processed_bmp\cat\cat_0021.bmp,D:\CSDLDPT\data_processed_gray_bmp\cat\cat_0021.bmp,224,224,gray=0.299R+0.587G+0.114B
cat,D:\CSDLDPT\data_processed_bmp\cat\cat_0022.bmp,D:\CSDLDPT\data_processed_gray_bmp\cat\cat_0022.bmp,224,224,gray=0.299R+0.587G+0.114B
cat,D:\CSDLDPT\data_processed_bmp\cat\cat_0023.bmp,D:\CSDLDPT\data_processed_gray_bmp\cat\cat_0023.bmp,224,224,gray=0.299R+0.587G+0.114B
cow,D:\CSDLDPT\data_processed_bmp\cow\cow_0001.bmp,D:\CSDLDPT\data_processed_gray_bmp\cow\cow_0001.bmp,224,224,gray=0.299R+0.587G+0.114B
cow,D:\CSDLDPT\data_processed_bmp\cow\cow_0002.bmp,D:\CSDLDPT\data_processed_gray_bmp\cow\cow_0002.bmp,224,224,gray=0.299R+0.587G+0.114B
cow,D:\CSDLDPT\data_processed_bmp\cow\cow_0003.bmp,D:\CSDLDPT\data_processed_gray_bmp\cow\cow_0003.bmp,224,224,gray=0.299R+0.587G+0.114B
cow,D:\CSDLDPT\data_processed_bmp\cow\cow_0004.bmp,D:\CSDLDPT\data_processed_gray_bmp\cow\cow_0004.bmp,224,224,gray=0.299R+0.587G+0.114B
cow,D:\CSDLDPT\data_processed_bmp\cow\cow_0005.bmp,D:\CSDLDPT\data_processed_gray_bmp\cow\cow_0005.bmp,224,224,gray=0.299R+0.587G+0.114B
cow,D:\CSDLDPT\data_processed_bmp\cow\cow_0006.bmp,D:\CSDLDPT\data_processed_gray_bmp\cow\cow_0006.bmp,224,224,gray=0.299R+0.587G+0.114B
cow,D:\CSDLDPT\data_processed_bmp\cow\cow_0007.bmp,D:\CSDLDPT\data_processed_gray_bmp\cow\cow_0007.bmp,224,224,gray=0.299R+0.587G+0.114B
cow,D:\CSDLDPT\data_processed_bmp\cow\cow_0008.bmp,D:\CSDLDPT\data_processed_gray_bmp\cow\cow_0008.bmp,224,224,gray=0.299R+0.587G+0.114B
cow,D:\CSDLDPT\data_processed_bmp\cow\cow_0009.bmp,D:\CSDLDPT\data_processed_gray_bmp\cow\cow_0009.bmp,224,224,gray=0.299R+0.587G+0.114B
cow,D:\CSDLDPT\data_processed_bmp\cow\cow_0010.bmp,D:\CSDLDPT\data_processed_gray_bmp\cow\cow_0010.bmp,224,224,gray=0.299R+0.587G+0.114B
cow,D:\CSDLDPT\data_processed_bmp\cow\cow_0011.bmp,D:\CSDLDPT\data_processed_gray_bmp\cow\cow_0011.bmp,224,224,gray=0.299R+0.587G+0.114B
cow,D:\CSDLDPT\data_processed_bmp\cow\cow_0012.bmp,D:\CSDLDPT\data_processed_gray_bmp\cow\cow_0012.bmp,224,224,gray=0.299R+0.587G+0.114B
cow,D:\CSDLDPT\data_processed_bmp\cow\cow_0013.bmp,D:\CSDLDPT\data_processed_gray_bmp\cow\cow_0013.bmp,224,224,gray=0.299R+0.587G+0.114B
cow,D:\CSDLDPT\data_processed_bmp\cow\cow_0014.bmp,D:\CSDLDPT\data_processed_gray_bmp\cow\cow_0014.bmp,224,224,gray=0.299R+0.587G+0.114B
cow,D:\CSDLDPT\data_processed_bmp\cow\cow_0015.bmp,D:\CSDLDPT\data_processed_gray_bmp\cow\cow_0015.bmp,224,224,gray=0.299R+0.587G+0.114B
cow,D:\CSDLDPT\data_processed_bmp\cow\cow_0016.bmp,D:\CSDLDPT\data_processed_gray_bmp\cow\cow_0016.bmp,224,224,gray=0.299R+0.587G+0.114B
cow,D:\CSDLDPT\data_processed_bmp\cow\cow_0017.bmp,D:\CSDLDPT\data_processed_gray_bmp\cow\cow_0017.bmp,224,224,gray=0.299R+0.587G+0.114B
cow,D:\CSDLDPT\data_processed_bmp\cow\cow_0018.bmp,D:\CSDLDPT\data_processed_gray_bmp\cow\cow_0018.bmp,224,224,gray=0.299R+0.587G+0.114B
deer,D:\CSDLDPT\data_processed_bmp\deer\deer_0001.bmp,D:\CSDLDPT\data_processed_gray_bmp\deer\deer_0001.bmp,224,224,gray=0.299R+0.587G+0.114B
deer,D:\CSDLDPT\data_processed_bmp\deer\deer_0002.bmp,D:\CSDLDPT\data_processed_gray_bmp\deer\deer_0002.bmp,224,224,gray=0.299R+0.587G+0.114B
deer,D:\CSDLDPT\data_processed_bmp\deer\deer_0003.bmp,D:\CSDLDPT\data_processed_gray_bmp\deer\deer_0003.bmp,224,224,gray=0.299R+0.587G+0.114B
deer,D:\CSDLDPT\data_processed_bmp\deer\deer_0004.bmp,D:\CSDLDPT\data_processed_gray_bmp\deer\deer_0004.bmp,224,224,gray=0.299R+0.587G+0.114B
deer,D:\CSDLDPT\data_processed_bmp\deer\deer_0005.bmp,D:\CSDLDPT\data_processed_gray_bmp\deer\deer_0005.bmp,224,224,gray=0.299R+0.587G+0.114B
deer,D:\CSDLDPT\data_processed_bmp\deer\deer_0006.bmp,D:\CSDLDPT\data_processed_gray_bmp\deer\deer_0006.bmp,224,224,gray=0.299R+0.587G+0.114B
deer,D:\CSDLDPT\data_processed_bmp\deer\deer_0007.bmp,D:\CSDLDPT\data_processed_gray_bmp\deer\deer_0007.bmp,224,224,gray=0.299R+0.587G+0.114B
deer,D:\CSDLDPT\data_processed_bmp\deer\deer_0008.bmp,D:\CSDLDPT\data_processed_gray_bmp\deer\deer_0008.bmp,224,224,gray=0.299R+0.587G+0.114B
deer,D:\CSDLDPT\data_processed_bmp\deer\deer_0009.bmp,D:\CSDLDPT\data_processed_gray_bmp\deer\deer_0009.bmp,224,224,gray=0.299R+0.587G+0.114B
deer,D:\CSDLDPT\data_processed_bmp\deer\deer_0010.bmp,D:\CSDLDPT\data_processed_gray_bmp\deer\deer_0010.bmp,224,224,gray=0.299R+0.587G+0.114B
deer,D:\CSDLDPT\data_processed_bmp\deer\deer_0011.bmp,D:\CSDLDPT\data_processed_gray_bmp\deer\deer_0011.bmp,224,224,gray=0.299R+0.587G+0.114B
deer,D:\CSDLDPT\data_processed_bmp\deer\deer_0012.bmp,D:\CSDLDPT\data_processed_gray_bmp\deer\deer_0012.bmp,224,224,gray=0.299R+0.587G+0.114B
deer,D:\CSDLDPT\data_processed_bmp\deer\deer_0013.bmp,D:\CSDLDPT\data_processed_gray_bmp\deer\deer_0013.bmp,224,224,gray=0.299R+0.587G+0.114B
deer,D:\CSDLDPT\data_processed_bmp\deer\deer_0014.bmp,D:\CSDLDPT\data_processed_gray_bmp\deer\deer_0014.bmp,224,224,gray=0.299R+0.587G+0.114B
deer,D:\CSDLDPT\data_processed_bmp\deer\deer_0015.bmp,D:\CSDLDPT\data_processed_gray_bmp\deer\deer_0015.bmp,224,224,gray=0.299R+0.587G+0.114B
deer,D:\CSDLDPT\data_processed_bmp\deer\deer_0016.bmp,D:\CSDLDPT\data_processed_gray_bmp\deer\deer_0016.bmp,224,224,gray=0.299R+0.587G+0.114B
deer,D:\CSDLDPT\data_processed_bmp\deer\deer_0017.bmp,D:\CSDLDPT\data_processed_gray_bmp\deer\deer_0017.bmp,224,224,gray=0.299R+0.587G+0.114B
deer,D:\CSDLDPT\data_processed_bmp\deer\deer_0018.bmp,D:\CSDLDPT\data_processed_gray_bmp\deer\deer_0018.bmp,224,224,gray=0.299R+0.587G+0.114B
deer,D:\CSDLDPT\data_processed_bmp\deer\deer_0019.bmp,D:\CSDLDPT\data_processed_gray_bmp\deer\deer_0019.bmp,224,224,gray=0.299R+0.587G+0.114B
deer,D:\CSDLDPT\data_processed_bmp\deer\deer_0020.bmp,D:\CSDLDPT\data_processed_gray_bmp\deer\deer_0020.bmp,224,224,gray=0.299R+0.587G+0.114B
deer,D:\CSDLDPT\data_processed_bmp\deer\deer_0021.bmp,D:\CSDLDPT\data_processed_gray_bmp\deer\deer_0021.bmp,224,224,gray=0.299R+0.587G+0.114B
deer,D:\CSDLDPT\data_processed_bmp\deer\deer_0022.bmp,D:\CSDLDPT\data_processed_gray_bmp\deer\deer_0022.bmp,224,224,gray=0.299R+0.587G+0.114B
deer,D:\CSDLDPT\data_processed_bmp\deer\deer_0023.bmp,D:\CSDLDPT\data_processed_gray_bmp\deer\deer_0023.bmp,224,224,gray=0.299R+0.587G+0.114B
deer,D:\CSDLDPT\data_processed_bmp\deer\deer_0024.bmp,D:\CSDLDPT\data_processed_gray_bmp\deer\deer_0024.bmp,224,224,gray=0.299R+0.587G+0.114B
deer,D:\CSDLDPT\data_processed_bmp\deer\deer_0025.bmp,D:\CSDLDPT\data_processed_gray_bmp\deer\deer_0025.bmp,224,224,gray=0.299R+0.587G+0.114B
deer,D:\CSDLDPT\data_processed_bmp\deer\deer_0026.bmp,D:\CSDLDPT\data_processed_gray_bmp\deer\deer_0026.bmp,224,224,gray=0.299R+0.587G+0.114B
deer,D:\CSDLDPT\data_processed_bmp\deer\deer_0027.bmp,D:\CSDLDPT\data_processed_gray_bmp\deer\deer_0027.bmp,224,224,gray=0.299R+0.587G+0.114B
deer,D:\CSDLDPT\data_processed_bmp\deer\deer_0028.bmp,D:\CSDLDPT\data_processed_gray_bmp\deer\deer_0028.bmp,224,224,gray=0.299R+0.587G+0.114B
deer,D:\CSDLDPT\data_processed_bmp\deer\deer_0029.bmp,D:\CSDLDPT\data_processed_gray_bmp\deer\deer_0029.bmp,224,224,gray=0.299R+0.587G+0.114B
deer,D:\CSDLDPT\data_processed_bmp\deer\deer_0030.bmp,D:\CSDLDPT\data_processed_gray_bmp\deer\deer_0030.bmp,224,224,gray=0.299R+0.587G+0.114B
deer,D:\CSDLDPT\data_processed_bmp\deer\deer_0031.bmp,D:\CSDLDPT\data_processed_gray_bmp\deer\deer_0031.bmp,224,224,gray=0.299R+0.587G+0.114B
dog,D:\CSDLDPT\data_processed_bmp\dog\dog_0001.bmp,D:\CSDLDPT\data_processed_gray_bmp\dog\dog_0001.bmp,224,224,gray=0.299R+0.587G+0.114B
dog,D:\CSDLDPT\data_processed_bmp\dog\dog_0002.bmp,D:\CSDLDPT\data_processed_gray_bmp\dog\dog_0002.bmp,224,224,gray=0.299R+0.587G+0.114B
dog,D:\CSDLDPT\data_processed_bmp\dog\dog_0003.bmp,D:\CSDLDPT\data_processed_gray_bmp\dog\dog_0003.bmp,224,224,gray=0.299R+0.587G+0.114B
dog,D:\CSDLDPT\data_processed_bmp\dog\dog_0004.bmp,D:\CSDLDPT\data_processed_gray_bmp\dog\dog_0004.bmp,224,224,gray=0.299R+0.587G+0.114B
dog,D:\CSDLDPT\data_processed_bmp\dog\dog_0005.bmp,D:\CSDLDPT\data_processed_gray_bmp\dog\dog_0005.bmp,224,224,gray=0.299R+0.587G+0.114B
dog,D:\CSDLDPT\data_processed_bmp\dog\dog_0006.bmp,D:\CSDLDPT\data_processed_gray_bmp\dog\dog_0006.bmp,224,224,gray=0.299R+0.587G+0.114B
dog,D:\CSDLDPT\data_processed_bmp\dog\dog_0007.bmp,D:\CSDLDPT\data_processed_gray_bmp\dog\dog_0007.bmp,224,224,gray=0.299R+0.587G+0.114B
dog,D:\CSDLDPT\data_processed_bmp\dog\dog_0008.bmp,D:\CSDLDPT\data_processed_gray_bmp\dog\dog_0008.bmp,224,224,gray=0.299R+0.587G+0.114B
dog,D:\CSDLDPT\data_processed_bmp\dog\dog_0009.bmp,D:\CSDLDPT\data_processed_gray_bmp\dog\dog_0009.bmp,224,224,gray=0.299R+0.587G+0.114B
dog,D:\CSDLDPT\data_processed_bmp\dog\dog_0010.bmp,D:\CSDLDPT\data_processed_gray_bmp\dog\dog_0010.bmp,224,224,gray=0.299R+0.587G+0.114B
dog,D:\CSDLDPT\data_processed_bmp\dog\dog_0011.bmp,D:\CSDLDPT\data_processed_gray_bmp\dog\dog_0011.bmp,224,224,gray=0.299R+0.587G+0.114B
dog,D:\CSDLDPT\data_processed_bmp\dog\dog_0012.bmp,D:\CSDLDPT\data_processed_gray_bmp\dog\dog_0012.bmp,224,224,gray=0.299R+0.587G+0.114B
dog,D:\CSDLDPT\data_processed_bmp\dog\dog_0013.bmp,D:\CSDLDPT\data_processed_gray_bmp\dog\dog_0013.bmp,224,224,gray=0.299R+0.587G+0.114B
dog,D:\CSDLDPT\data_processed_bmp\dog\dog_0014.bmp,D:\CSDLDPT\data_processed_gray_bmp\dog\dog_0014.bmp,224,224,gray=0.299R+0.587G+0.114B
dog,D:\CSDLDPT\data_processed_bmp\dog\dog_0015.bmp,D:\CSDLDPT\data_processed_gray_bmp\dog\dog_0015.bmp,224,224,gray=0.299R+0.587G+0.114B
dog,D:\CSDLDPT\data_processed_bmp\dog\dog_0016.bmp,D:\CSDLDPT\data_processed_gray_bmp\dog\dog_0016.bmp,224,224,gray=0.299R+0.587G+0.114B
dog,D:\CSDLDPT\data_processed_bmp\dog\dog_0017.bmp,D:\CSDLDPT\data_processed_gray_bmp\dog\dog_0017.bmp,224,224,gray=0.299R+0.587G+0.114B
dog,D:\CSDLDPT\data_processed_bmp\dog\dog_0018.bmp,D:\CSDLDPT\data_processed_gray_bmp\dog\dog_0018.bmp,224,224,gray=0.299R+0.587G+0.114B
dog,D:\CSDLDPT\data_processed_bmp\dog\dog_0019.bmp,D:\CSDLDPT\data_processed_gray_bmp\dog\dog_0019.bmp,224,224,gray=0.299R+0.587G+0.114B
dog,D:\CSDLDPT\data_processed_bmp\dog\dog_0020.bmp,D:\CSDLDPT\data_processed_gray_bmp\dog\dog_0020.bmp,224,224,gray=0.299R+0.587G+0.114B
dog,D:\CSDLDPT\data_processed_bmp\dog\dog_0021.bmp,D:\CSDLDPT\data_processed_gray_bmp\dog\dog_0021.bmp,224,224,gray=0.299R+0.587G+0.114B
dog,D:\CSDLDPT\data_processed_bmp\dog\dog_0022.bmp,D:\CSDLDPT\data_processed_gray_bmp\dog\dog_0022.bmp,224,224,gray=0.299R+0.587G+0.114B
dog,D:\CSDLDPT\data_processed_bmp\dog\dog_0023.bmp,D:\CSDLDPT\data_processed_gray_bmp\dog\dog_0023.bmp,224,224,gray=0.299R+0.587G+0.114B
dog,D:\CSDLDPT\data_processed_bmp\dog\dog_0024.bmp,D:\CSDLDPT\data_processed_gray_bmp\dog\dog_0024.bmp,224,224,gray=0.299R+0.587G+0.114B
dog,D:\CSDLDPT\data_processed_bmp\dog\dog_0025.bmp,D:\CSDLDPT\data_processed_gray_bmp\dog\dog_0025.bmp,224,224,gray=0.299R+0.587G+0.114B
dog,D:\CSDLDPT\data_processed_bmp\dog\dog_0026.bmp,D:\CSDLDPT\data_processed_gray_bmp\dog\dog_0026.bmp,224,224,gray=0.299R+0.587G+0.114B
dog,D:\CSDLDPT\data_processed_bmp\dog\dog_0027.bmp,D:\CSDLDPT\data_processed_gray_bmp\dog\dog_0027.bmp,224,224,gray=0.299R+0.587G+0.114B
dog,D:\CSDLDPT\data_processed_bmp\dog\dog_0028.bmp,D:\CSDLDPT\data_processed_gray_bmp\dog\dog_0028.bmp,224,224,gray=0.299R+0.587G+0.114B
dog,D:\CSDLDPT\data_processed_bmp\dog\dog_0029.bmp,D:\CSDLDPT\data_processed_gray_bmp\dog\dog_0029.bmp,224,224,gray=0.299R+0.587G+0.114B
dog,D:\CSDLDPT\data_processed_bmp\dog\dog_0030.bmp,D:\CSDLDPT\data_processed_gray_bmp\dog\dog_0030.bmp,224,224,gray=0.299R+0.587G+0.114B
dog,D:\CSDLDPT\data_processed_bmp\dog\dog_0031.bmp,D:\CSDLDPT\data_processed_gray_bmp\dog\dog_0031.bmp,224,224,gray=0.299R+0.587G+0.114B
dog,D:\CSDLDPT\data_processed_bmp\dog\dog_0032.bmp,D:\CSDLDPT\data_processed_gray_bmp\dog\dog_0032.bmp,224,224,gray=0.299R+0.587G+0.114B
dog,D:\CSDLDPT\data_processed_bmp\dog\dog_0033.bmp,D:\CSDLDPT\data_processed_gray_bmp\dog\dog_0033.bmp,224,224,gray=0.299R+0.587G+0.114B
dog,D:\CSDLDPT\data_processed_bmp\dog\dog_0034.bmp,D:\CSDLDPT\data_processed_gray_bmp\dog\dog_0034.bmp,224,224,gray=0.299R+0.587G+0.114B
dog,D:\CSDLDPT\data_processed_bmp\dog\dog_0035.bmp,D:\CSDLDPT\data_processed_gray_bmp\dog\dog_0035.bmp,224,224,gray=0.299R+0.587G+0.114B
dog,D:\CSDLDPT\data_processed_bmp\dog\dog_0036.bmp,D:\CSDLDPT\data_processed_gray_bmp\dog\dog_0036.bmp,224,224,gray=0.299R+0.587G+0.114B
dog,D:\CSDLDPT\data_processed_bmp\dog\dog_0037.bmp,D:\CSDLDPT\data_processed_gray_bmp\dog\dog_0037.bmp,224,224,gray=0.299R+0.587G+0.114B
dog,D:\CSDLDPT\data_processed_bmp\dog\dog_0038.bmp,D:\CSDLDPT\data_processed_gray_bmp\dog\dog_0038.bmp,224,224,gray=0.299R+0.587G+0.114B
dog,D:\CSDLDPT\data_processed_bmp\dog\dog_0039.bmp,D:\CSDLDPT\data_processed_gray_bmp\dog\dog_0039.bmp,224,224,gray=0.299R+0.587G+0.114B
dog,D:\CSDLDPT\data_processed_bmp\dog\dog_0040.bmp,D:\CSDLDPT\data_processed_gray_bmp\dog\dog_0040.bmp,224,224,gray=0.299R+0.587G+0.114B
dog,D:\CSDLDPT\data_processed_bmp\dog\dog_0041.bmp,D:\CSDLDPT\data_processed_gray_bmp\dog\dog_0041.bmp,224,224,gray=0.299R+0.587G+0.114B
dog,D:\CSDLDPT\data_processed_bmp\dog\dog_0042.bmp,D:\CSDLDPT\data_processed_gray_bmp\dog\dog_0042.bmp,224,224,gray=0.299R+0.587G+0.114B
dog,D:\CSDLDPT\data_processed_bmp\dog\dog_0043.bmp,D:\CSDLDPT\data_processed_gray_bmp\dog\dog_0043.bmp,224,224,gray=0.299R+0.587G+0.114B
dog,D:\CSDLDPT\data_processed_bmp\dog\dog_0044.bmp,D:\CSDLDPT\data_processed_gray_bmp\dog\dog_0044.bmp,224,224,gray=0.299R+0.587G+0.114B
dog,D:\CSDLDPT\data_processed_bmp\dog\dog_0045.bmp,D:\CSDLDPT\data_processed_gray_bmp\dog\dog_0045.bmp,224,224,gray=0.299R+0.587G+0.114B
dog,D:\CSDLDPT\data_processed_bmp\dog\dog_0046.bmp,D:\CSDLDPT\data_processed_gray_bmp\dog\dog_0046.bmp,224,224,gray=0.299R+0.587G+0.114B
dog,D:\CSDLDPT\data_processed_bmp\dog\dog_0047.bmp,D:\CSDLDPT\data_processed_gray_bmp\dog\dog_0047.bmp,224,224,gray=0.299R+0.587G+0.114B
elephant,D:\CSDLDPT\data_processed_bmp\elephant\elephant_0001.bmp,D:\CSDLDPT\data_processed_gray_bmp\elephant\elephant_0001.bmp,224,224,gray=0.299R+0.587G+0.114B
elephant,D:\CSDLDPT\data_processed_bmp\elephant\elephant_0002.bmp,D:\CSDLDPT\data_processed_gray_bmp\elephant\elephant_0002.bmp,224,224,gray=0.299R+0.587G+0.114B
elephant,D:\CSDLDPT\data_processed_bmp\elephant\elephant_0003.bmp,D:\CSDLDPT\data_processed_gray_bmp\elephant\elephant_0003.bmp,224,224,gray=0.299R+0.587G+0.114B
elephant,D:\CSDLDPT\data_processed_bmp\elephant\elephant_0004.bmp,D:\CSDLDPT\data_processed_gray_bmp\elephant\elephant_0004.bmp,224,224,gray=0.299R+0.587G+0.114B
elephant,D:\CSDLDPT\data_processed_bmp\elephant\elephant_0005.bmp,D:\CSDLDPT\data_processed_gray_bmp\elephant\elephant_0005.bmp,224,224,gray=0.299R+0.587G+0.114B
elephant,D:\CSDLDPT\data_processed_bmp\elephant\elephant_0006.bmp,D:\CSDLDPT\data_processed_gray_bmp\elephant\elephant_0006.bmp,224,224,gray=0.299R+0.587G+0.114B
elephant,D:\CSDLDPT\data_processed_bmp\elephant\elephant_0007.bmp,D:\CSDLDPT\data_processed_gray_bmp\elephant\elephant_0007.bmp,224,224,gray=0.299R+0.587G+0.114B
elephant,D:\CSDLDPT\data_processed_bmp\elephant\elephant_0008.bmp,D:\CSDLDPT\data_processed_gray_bmp\elephant\elephant_0008.bmp,224,224,gray=0.299R+0.587G+0.114B
elephant,D:\CSDLDPT\data_processed_bmp\elephant\elephant_0009.bmp,D:\CSDLDPT\data_processed_gray_bmp\elephant\elephant_0009.bmp,224,224,gray=0.299R+0.587G+0.114B
elephant,D:\CSDLDPT\data_processed_bmp\elephant\elephant_0010.bmp,D:\CSDLDPT\data_processed_gray_bmp\elephant\elephant_0010.bmp,224,224,gray=0.299R+0.587G+0.114B
elephant,D:\CSDLDPT\data_processed_bmp\elephant\elephant_0011.bmp,D:\CSDLDPT\data_processed_gray_bmp\elephant\elephant_0011.bmp,224,224,gray=0.299R+0.587G+0.114B
elephant,D:\CSDLDPT\data_processed_bmp\elephant\elephant_0012.bmp,D:\CSDLDPT\data_processed_gray_bmp\elephant\elephant_0012.bmp,224,224,gray=0.299R+0.587G+0.114B
elephant,D:\CSDLDPT\data_processed_bmp\elephant\elephant_0013.bmp,D:\CSDLDPT\data_processed_gray_bmp\elephant\elephant_0013.bmp,224,224,gray=0.299R+0.587G+0.114B
elephant,D:\CSDLDPT\data_processed_bmp\elephant\elephant_0014.bmp,D:\CSDLDPT\data_processed_gray_bmp\elephant\elephant_0014.bmp,224,224,gray=0.299R+0.587G+0.114B
elephant,D:\CSDLDPT\data_processed_bmp\elephant\elephant_0015.bmp,D:\CSDLDPT\data_processed_gray_bmp\elephant\elephant_0015.bmp,224,224,gray=0.299R+0.587G+0.114B
giraffe,D:\CSDLDPT\data_processed_bmp\giraffe\giraffe_0001.bmp,D:\CSDLDPT\data_processed_gray_bmp\giraffe\giraffe_0001.bmp,224,224,gray=0.299R+0.587G+0.114B
giraffe,D:\CSDLDPT\data_processed_bmp\giraffe\giraffe_0002.bmp,D:\CSDLDPT\data_processed_gray_bmp\giraffe\giraffe_0002.bmp,224,224,gray=0.299R+0.587G+0.114B
giraffe,D:\CSDLDPT\data_processed_bmp\giraffe\giraffe_0003.bmp,D:\CSDLDPT\data_processed_gray_bmp\giraffe\giraffe_0003.bmp,224,224,gray=0.299R+0.587G+0.114B
giraffe,D:\CSDLDPT\data_processed_bmp\giraffe\giraffe_0004.bmp,D:\CSDLDPT\data_processed_gray_bmp\giraffe\giraffe_0004.bmp,224,224,gray=0.299R+0.587G+0.114B
giraffe,D:\CSDLDPT\data_processed_bmp\giraffe\giraffe_0005.bmp,D:\CSDLDPT\data_processed_gray_bmp\giraffe\giraffe_0005.bmp,224,224,gray=0.299R+0.587G+0.114B
giraffe,D:\CSDLDPT\data_processed_bmp\giraffe\giraffe_0006.bmp,D:\CSDLDPT\data_processed_gray_bmp\giraffe\giraffe_0006.bmp,224,224,gray=0.299R+0.587G+0.114B
giraffe,D:\CSDLDPT\data_processed_bmp\giraffe\giraffe_0007.bmp,D:\CSDLDPT\data_processed_gray_bmp\giraffe\giraffe_0007.bmp,224,224,gray=0.299R+0.587G+0.114B
giraffe,D:\CSDLDPT\data_processed_bmp\giraffe\giraffe_0008.bmp,D:\CSDLDPT\data_processed_gray_bmp\giraffe\giraffe_0008.bmp,224,224,gray=0.299R+0.587G+0.114B
giraffe,D:\CSDLDPT\data_processed_bmp\giraffe\giraffe_0009.bmp,D:\CSDLDPT\data_processed_gray_bmp\giraffe\giraffe_0009.bmp,224,224,gray=0.299R+0.587G+0.114B
giraffe,D:\CSDLDPT\data_processed_bmp\giraffe\giraffe_0010.bmp,D:\CSDLDPT\data_processed_gray_bmp\giraffe\giraffe_0010.bmp,224,224,gray=0.299R+0.587G+0.114B
giraffe,D:\CSDLDPT\data_processed_bmp\giraffe\giraffe_0011.bmp,D:\CSDLDPT\data_processed_gray_bmp\giraffe\giraffe_0011.bmp,224,224,gray=0.299R+0.587G+0.114B
giraffe,D:\CSDLDPT\data_processed_bmp\giraffe\giraffe_0012.bmp,D:\CSDLDPT\data_processed_gray_bmp\giraffe\giraffe_0012.bmp,224,224,gray=0.299R+0.587G+0.114B
giraffe,D:\CSDLDPT\data_processed_bmp\giraffe\giraffe_0013.bmp,D:\CSDLDPT\data_processed_gray_bmp\giraffe\giraffe_0013.bmp,224,224,gray=0.299R+0.587G+0.114B
giraffe,D:\CSDLDPT\data_processed_bmp\giraffe\giraffe_0014.bmp,D:\CSDLDPT\data_processed_gray_bmp\giraffe\giraffe_0014.bmp,224,224,gray=0.299R+0.587G+0.114B
giraffe,D:\CSDLDPT\data_processed_bmp\giraffe\giraffe_0015.bmp,D:\CSDLDPT\data_processed_gray_bmp\giraffe\giraffe_0015.bmp,224,224,gray=0.299R+0.587G+0.114B
giraffe,D:\CSDLDPT\data_processed_bmp\giraffe\giraffe_0016.bmp,D:\CSDLDPT\data_processed_gray_bmp\giraffe\giraffe_0016.bmp,224,224,gray=0.299R+0.587G+0.114B
giraffe,D:\CSDLDPT\data_processed_bmp\giraffe\giraffe_0017.bmp,D:\CSDLDPT\data_processed_gray_bmp\giraffe\giraffe_0017.bmp,224,224,gray=0.299R+0.587G+0.114B
giraffe,D:\CSDLDPT\data_processed_bmp\giraffe\giraffe_0018.bmp,D:\CSDLDPT\data_processed_gray_bmp\giraffe\giraffe_0018.bmp,224,224,gray=0.299R+0.587G+0.114B
giraffe,D:\CSDLDPT\data_processed_bmp\giraffe\giraffe_0019.bmp,D:\CSDLDPT\data_processed_gray_bmp\giraffe\giraffe_0019.bmp,224,224,gray=0.299R+0.587G+0.114B
giraffe,D:\CSDLDPT\data_processed_bmp\giraffe\giraffe_0020.bmp,D:\CSDLDPT\data_processed_gray_bmp\giraffe\giraffe_0020.bmp,224,224,gray=0.299R+0.587G+0.114B
giraffe,D:\CSDLDPT\data_processed_bmp\giraffe\giraffe_0021.bmp,D:\CSDLDPT\data_processed_gray_bmp\giraffe\giraffe_0021.bmp,224,224,gray=0.299R+0.587G+0.114B
giraffe,D:\CSDLDPT\data_processed_bmp\giraffe\giraffe_0022.bmp,D:\CSDLDPT\data_processed_gray_bmp\giraffe\giraffe_0022.bmp,224,224,gray=0.299R+0.587G+0.114B
giraffe,D:\CSDLDPT\data_processed_bmp\giraffe\giraffe_0023.bmp,D:\CSDLDPT\data_processed_gray_bmp\giraffe\giraffe_0023.bmp,224,224,gray=0.299R+0.587G+0.114B
giraffe,D:\CSDLDPT\data_processed_bmp\giraffe\giraffe_0024.bmp,D:\CSDLDPT\data_processed_gray_bmp\giraffe\giraffe_0024.bmp,224,224,gray=0.299R+0.587G+0.114B
giraffe,D:\CSDLDPT\data_processed_bmp\giraffe\giraffe_0025.bmp,D:\CSDLDPT\data_processed_gray_bmp\giraffe\giraffe_0025.bmp,224,224,gray=0.299R+0.587G+0.114B
giraffe,D:\CSDLDPT\data_processed_bmp\giraffe\giraffe_0026.bmp,D:\CSDLDPT\data_processed_gray_bmp\giraffe\giraffe_0026.bmp,224,224,gray=0.299R+0.587G+0.114B
giraffe,D:\CSDLDPT\data_processed_bmp\giraffe\giraffe_0027.bmp,D:\CSDLDPT\data_processed_gray_bmp\giraffe\giraffe_0027.bmp,224,224,gray=0.299R+0.587G+0.114B
giraffe,D:\CSDLDPT\data_processed_bmp\giraffe\giraffe_0028.bmp,D:\CSDLDPT\data_processed_gray_bmp\giraffe\giraffe_0028.bmp,224,224,gray=0.299R+0.587G+0.114B
giraffe,D:\CSDLDPT\data_processed_bmp\giraffe\giraffe_0029.bmp,D:\CSDLDPT\data_processed_gray_bmp\giraffe\giraffe_0029.bmp,224,224,gray=0.299R+0.587G+0.114B
giraffe,D:\CSDLDPT\data_processed_bmp\giraffe\giraffe_0030.bmp,D:\CSDLDPT\data_processed_gray_bmp\giraffe\giraffe_0030.bmp,224,224,gray=0.299R+0.587G+0.114B
giraffe,D:\CSDLDPT\data_processed_bmp\giraffe\giraffe_0031.bmp,D:\CSDLDPT\data_processed_gray_bmp\giraffe\giraffe_0031.bmp,224,224,gray=0.299R+0.587G+0.114B
giraffe,D:\CSDLDPT\data_processed_bmp\giraffe\giraffe_0032.bmp,D:\CSDLDPT\data_processed_gray_bmp\giraffe\giraffe_0032.bmp,224,224,gray=0.299R+0.587G+0.114B
giraffe,D:\CSDLDPT\data_processed_bmp\giraffe\giraffe_0033.bmp,D:\CSDLDPT\data_processed_gray_bmp\giraffe\giraffe_0033.bmp,224,224,gray=0.299R+0.587G+0.114B
giraffe,D:\CSDLDPT\data_processed_bmp\giraffe\giraffe_0034.bmp,D:\CSDLDPT\data_processed_gray_bmp\giraffe\giraffe_0034.bmp,224,224,gray=0.299R+0.587G+0.114B
giraffe,D:\CSDLDPT\data_processed_bmp\giraffe\giraffe_0035.bmp,D:\CSDLDPT\data_processed_gray_bmp\giraffe\giraffe_0035.bmp,224,224,gray=0.299R+0.587G+0.114B
giraffe,D:\CSDLDPT\data_processed_bmp\giraffe\giraffe_0036.bmp,D:\CSDLDPT\data_processed_gray_bmp\giraffe\giraffe_0036.bmp,224,224,gray=0.299R+0.587G+0.114B
giraffe,D:\CSDLDPT\data_processed_bmp\giraffe\giraffe_0037.bmp,D:\CSDLDPT\data_processed_gray_bmp\giraffe\giraffe_0037.bmp,224,224,gray=0.299R+0.587G+0.114B
giraffe,D:\CSDLDPT\data_processed_bmp\giraffe\giraffe_0038.bmp,D:\CSDLDPT\data_processed_gray_bmp\giraffe\giraffe_0038.bmp,224,224,gray=0.299R+0.587G+0.114B
giraffe,D:\CSDLDPT\data_processed_bmp\giraffe\giraffe_0039.bmp,D:\CSDLDPT\data_processed_gray_bmp\giraffe\giraffe_0039.bmp,224,224,gray=0.299R+0.587G+0.114B
giraffe,D:\CSDLDPT\data_processed_bmp\giraffe\giraffe_0040.bmp,D:\CSDLDPT\data_processed_gray_bmp\giraffe\giraffe_0040.bmp,224,224,gray=0.299R+0.587G+0.114B
goat,D:\CSDLDPT\data_processed_bmp\goat\goat_0001.bmp,D:\CSDLDPT\data_processed_gray_bmp\goat\goat_0001.bmp,224,224,gray=0.299R+0.587G+0.114B
goat,D:\CSDLDPT\data_processed_bmp\goat\goat_0002.bmp,D:\CSDLDPT\data_processed_gray_bmp\goat\goat_0002.bmp,224,224,gray=0.299R+0.587G+0.114B
goat,D:\CSDLDPT\data_processed_bmp\goat\goat_0003.bmp,D:\CSDLDPT\data_processed_gray_bmp\goat\goat_0003.bmp,224,224,gray=0.299R+0.587G+0.114B
goat,D:\CSDLDPT\data_processed_bmp\goat\goat_0004.bmp,D:\CSDLDPT\data_processed_gray_bmp\goat\goat_0004.bmp,224,224,gray=0.299R+0.587G+0.114B
goat,D:\CSDLDPT\data_processed_bmp\goat\goat_0005.bmp,D:\CSDLDPT\data_processed_gray_bmp\goat\goat_0005.bmp,224,224,gray=0.299R+0.587G+0.114B
goat,D:\CSDLDPT\data_processed_bmp\goat\goat_0006.bmp,D:\CSDLDPT\data_processed_gray_bmp\goat\goat_0006.bmp,224,224,gray=0.299R+0.587G+0.114B
goat,D:\CSDLDPT\data_processed_bmp\goat\goat_0007.bmp,D:\CSDLDPT\data_processed_gray_bmp\goat\goat_0007.bmp,224,224,gray=0.299R+0.587G+0.114B
goat,D:\CSDLDPT\data_processed_bmp\goat\goat_0008.bmp,D:\CSDLDPT\data_processed_gray_bmp\goat\goat_0008.bmp,224,224,gray=0.299R+0.587G+0.114B
goat,D:\CSDLDPT\data_processed_bmp\goat\goat_0009.bmp,D:\CSDLDPT\data_processed_gray_bmp\goat\goat_0009.bmp,224,224,gray=0.299R+0.587G+0.114B
goat,D:\CSDLDPT\data_processed_bmp\goat\goat_0010.bmp,D:\CSDLDPT\data_processed_gray_bmp\goat\goat_0010.bmp,224,224,gray=0.299R+0.587G+0.114B
goat,D:\CSDLDPT\data_processed_bmp\goat\goat_0011.bmp,D:\CSDLDPT\data_processed_gray_bmp\goat\goat_0011.bmp,224,224,gray=0.299R+0.587G+0.114B
goat,D:\CSDLDPT\data_processed_bmp\goat\goat_0012.bmp,D:\CSDLDPT\data_processed_gray_bmp\goat\goat_0012.bmp,224,224,gray=0.299R+0.587G+0.114B
goat,D:\CSDLDPT\data_processed_bmp\goat\goat_0013.bmp,D:\CSDLDPT\data_processed_gray_bmp\goat\goat_0013.bmp,224,224,gray=0.299R+0.587G+0.114B
goat,D:\CSDLDPT\data_processed_bmp\goat\goat_0014.bmp,D:\CSDLDPT\data_processed_gray_bmp\goat\goat_0014.bmp,224,224,gray=0.299R+0.587G+0.114B
goat,D:\CSDLDPT\data_processed_bmp\goat\goat_0015.bmp,D:\CSDLDPT\data_processed_gray_bmp\goat\goat_0015.bmp,224,224,gray=0.299R+0.587G+0.114B
goat,D:\CSDLDPT\data_processed_bmp\goat\goat_0016.bmp,D:\CSDLDPT\data_processed_gray_bmp\goat\goat_0016.bmp,224,224,gray=0.299R+0.587G+0.114B
goat,D:\CSDLDPT\data_processed_bmp\goat\goat_0017.bmp,D:\CSDLDPT\data_processed_gray_bmp\goat\goat_0017.bmp,224,224,gray=0.299R+0.587G+0.114B
goat,D:\CSDLDPT\data_processed_bmp\goat\goat_0018.bmp,D:\CSDLDPT\data_processed_gray_bmp\goat\goat_0018.bmp,224,224,gray=0.299R+0.587G+0.114B
goat,D:\CSDLDPT\data_processed_bmp\goat\goat_0019.bmp,D:\CSDLDPT\data_processed_gray_bmp\goat\goat_0019.bmp,224,224,gray=0.299R+0.587G+0.114B
goat,D:\CSDLDPT\data_processed_bmp\goat\goat_0020.bmp,D:\CSDLDPT\data_processed_gray_bmp\goat\goat_0020.bmp,224,224,gray=0.299R+0.587G+0.114B
goat,D:\CSDLDPT\data_processed_bmp\goat\goat_0021.bmp,D:\CSDLDPT\data_processed_gray_bmp\goat\goat_0021.bmp,224,224,gray=0.299R+0.587G+0.114B
goat,D:\CSDLDPT\data_processed_bmp\goat\goat_0022.bmp,D:\CSDLDPT\data_processed_gray_bmp\goat\goat_0022.bmp,224,224,gray=0.299R+0.587G+0.114B
hippo,D:\CSDLDPT\data_processed_bmp\hippo\hippo_0001.bmp,D:\CSDLDPT\data_processed_gray_bmp\hippo\hippo_0001.bmp,224,224,gray=0.299R+0.587G+0.114B
hippo,D:\CSDLDPT\data_processed_bmp\hippo\hippo_0002.bmp,D:\CSDLDPT\data_processed_gray_bmp\hippo\hippo_0002.bmp,224,224,gray=0.299R+0.587G+0.114B
hippo,D:\CSDLDPT\data_processed_bmp\hippo\hippo_0003.bmp,D:\CSDLDPT\data_processed_gray_bmp\hippo\hippo_0003.bmp,224,224,gray=0.299R+0.587G+0.114B
hippo,D:\CSDLDPT\data_processed_bmp\hippo\hippo_0004.bmp,D:\CSDLDPT\data_processed_gray_bmp\hippo\hippo_0004.bmp,224,224,gray=0.299R+0.587G+0.114B
hippo,D:\CSDLDPT\data_processed_bmp\hippo\hippo_0005.bmp,D:\CSDLDPT\data_processed_gray_bmp\hippo\hippo_0005.bmp,224,224,gray=0.299R+0.587G+0.114B
hippo,D:\CSDLDPT\data_processed_bmp\hippo\hippo_0006.bmp,D:\CSDLDPT\data_processed_gray_bmp\hippo\hippo_0006.bmp,224,224,gray=0.299R+0.587G+0.114B
hippo,D:\CSDLDPT\data_processed_bmp\hippo\hippo_0007.bmp,D:\CSDLDPT\data_processed_gray_bmp\hippo\hippo_0007.bmp,224,224,gray=0.299R+0.587G+0.114B
hippo,D:\CSDLDPT\data_processed_bmp\hippo\hippo_0008.bmp,D:\CSDLDPT\data_processed_gray_bmp\hippo\hippo_0008.bmp,224,224,gray=0.299R+0.587G+0.114B
hippo,D:\CSDLDPT\data_processed_bmp\hippo\hippo_0009.bmp,D:\CSDLDPT\data_processed_gray_bmp\hippo\hippo_0009.bmp,224,224,gray=0.299R+0.587G+0.114B
hippo,D:\CSDLDPT\data_processed_bmp\hippo\hippo_0010.bmp,D:\CSDLDPT\data_processed_gray_bmp\hippo\hippo_0010.bmp,224,224,gray=0.299R+0.587G+0.114B
hippo,D:\CSDLDPT\data_processed_bmp\hippo\hippo_0011.bmp,D:\CSDLDPT\data_processed_gray_bmp\hippo\hippo_0011.bmp,224,224,gray=0.299R+0.587G+0.114B
hippo,D:\CSDLDPT\data_processed_bmp\hippo\hippo_0012.bmp,D:\CSDLDPT\data_processed_gray_bmp\hippo\hippo_0012.bmp,224,224,gray=0.299R+0.587G+0.114B
hippo,D:\CSDLDPT\data_processed_bmp\hippo\hippo_0013.bmp,D:\CSDLDPT\data_processed_gray_bmp\hippo\hippo_0013.bmp,224,224,gray=0.299R+0.587G+0.114B
hippo,D:\CSDLDPT\data_processed_bmp\hippo\hippo_0014.bmp,D:\CSDLDPT\data_processed_gray_bmp\hippo\hippo_0014.bmp,224,224,gray=0.299R+0.587G+0.114B
horse,D:\CSDLDPT\data_processed_bmp\horse\horse_0001.bmp,D:\CSDLDPT\data_processed_gray_bmp\horse\horse_0001.bmp,224,224,gray=0.299R+0.587G+0.114B
horse,D:\CSDLDPT\data_processed_bmp\horse\horse_0002.bmp,D:\CSDLDPT\data_processed_gray_bmp\horse\horse_0002.bmp,224,224,gray=0.299R+0.587G+0.114B
horse,D:\CSDLDPT\data_processed_bmp\horse\horse_0003.bmp,D:\CSDLDPT\data_processed_gray_bmp\horse\horse_0003.bmp,224,224,gray=0.299R+0.587G+0.114B
horse,D:\CSDLDPT\data_processed_bmp\horse\horse_0004.bmp,D:\CSDLDPT\data_processed_gray_bmp\horse\horse_0004.bmp,224,224,gray=0.299R+0.587G+0.114B
horse,D:\CSDLDPT\data_processed_bmp\horse\horse_0005.bmp,D:\CSDLDPT\data_processed_gray_bmp\horse\horse_0005.bmp,224,224,gray=0.299R+0.587G+0.114B
horse,D:\CSDLDPT\data_processed_bmp\horse\horse_0006.bmp,D:\CSDLDPT\data_processed_gray_bmp\horse\horse_0006.bmp,224,224,gray=0.299R+0.587G+0.114B
horse,D:\CSDLDPT\data_processed_bmp\horse\horse_0007.bmp,D:\CSDLDPT\data_processed_gray_bmp\horse\horse_0007.bmp,224,224,gray=0.299R+0.587G+0.114B
horse,D:\CSDLDPT\data_processed_bmp\horse\horse_0008.bmp,D:\CSDLDPT\data_processed_gray_bmp\horse\horse_0008.bmp,224,224,gray=0.299R+0.587G+0.114B
horse,D:\CSDLDPT\data_processed_bmp\horse\horse_0009.bmp,D:\CSDLDPT\data_processed_gray_bmp\horse\horse_0009.bmp,224,224,gray=0.299R+0.587G+0.114B
horse,D:\CSDLDPT\data_processed_bmp\horse\horse_0010.bmp,D:\CSDLDPT\data_processed_gray_bmp\horse\horse_0010.bmp,224,224,gray=0.299R+0.587G+0.114B
horse,D:\CSDLDPT\data_processed_bmp\horse\horse_0011.bmp,D:\CSDLDPT\data_processed_gray_bmp\horse\horse_0011.bmp,224,224,gray=0.299R+0.587G+0.114B
horse,D:\CSDLDPT\data_processed_bmp\horse\horse_0012.bmp,D:\CSDLDPT\data_processed_gray_bmp\horse\horse_0012.bmp,224,224,gray=0.299R+0.587G+0.114B
horse,D:\CSDLDPT\data_processed_bmp\horse\horse_0013.bmp,D:\CSDLDPT\data_processed_gray_bmp\horse\horse_0013.bmp,224,224,gray=0.299R+0.587G+0.114B
horse,D:\CSDLDPT\data_processed_bmp\horse\horse_0014.bmp,D:\CSDLDPT\data_processed_gray_bmp\horse\horse_0014.bmp,224,224,gray=0.299R+0.587G+0.114B
horse,D:\CSDLDPT\data_processed_bmp\horse\horse_0015.bmp,D:\CSDLDPT\data_processed_gray_bmp\horse\horse_0015.bmp,224,224,gray=0.299R+0.587G+0.114B
horse,D:\CSDLDPT\data_processed_bmp\horse\horse_0016.bmp,D:\CSDLDPT\data_processed_gray_bmp\horse\horse_0016.bmp,224,224,gray=0.299R+0.587G+0.114B
horse,D:\CSDLDPT\data_processed_bmp\horse\horse_0017.bmp,D:\CSDLDPT\data_processed_gray_bmp\horse\horse_0017.bmp,224,224,gray=0.299R+0.587G+0.114B
horse,D:\CSDLDPT\data_processed_bmp\horse\horse_0018.bmp,D:\CSDLDPT\data_processed_gray_bmp\horse\horse_0018.bmp,224,224,gray=0.299R+0.587G+0.114B
horse,D:\CSDLDPT\data_processed_bmp\horse\horse_0019.bmp,D:\CSDLDPT\data_processed_gray_bmp\horse\horse_0019.bmp,224,224,gray=0.299R+0.587G+0.114B
horse,D:\CSDLDPT\data_processed_bmp\horse\horse_0020.bmp,D:\CSDLDPT\data_processed_gray_bmp\horse\horse_0020.bmp,224,224,gray=0.299R+0.587G+0.114B
horse,D:\CSDLDPT\data_processed_bmp\horse\horse_0021.bmp,D:\CSDLDPT\data_processed_gray_bmp\horse\horse_0021.bmp,224,224,gray=0.299R+0.587G+0.114B
horse,D:\CSDLDPT\data_processed_bmp\horse\horse_0022.bmp,D:\CSDLDPT\data_processed_gray_bmp\horse\horse_0022.bmp,224,224,gray=0.299R+0.587G+0.114B
horse,D:\CSDLDPT\data_processed_bmp\horse\horse_0023.bmp,D:\CSDLDPT\data_processed_gray_bmp\horse\horse_0023.bmp,224,224,gray=0.299R+0.587G+0.114B
horse,D:\CSDLDPT\data_processed_bmp\horse\horse_0024.bmp,D:\CSDLDPT\data_processed_gray_bmp\horse\horse_0024.bmp,224,224,gray=0.299R+0.587G+0.114B
horse,D:\CSDLDPT\data_processed_bmp\horse\horse_0025.bmp,D:\CSDLDPT\data_processed_gray_bmp\horse\horse_0025.bmp,224,224,gray=0.299R+0.587G+0.114B
horse,D:\CSDLDPT\data_processed_bmp\horse\horse_0026.bmp,D:\CSDLDPT\data_processed_gray_bmp\horse\horse_0026.bmp,224,224,gray=0.299R+0.587G+0.114B
horse,D:\CSDLDPT\data_processed_bmp\horse\horse_0027.bmp,D:\CSDLDPT\data_processed_gray_bmp\horse\horse_0027.bmp,224,224,gray=0.299R+0.587G+0.114B
horse,D:\CSDLDPT\data_processed_bmp\horse\horse_0028.bmp,D:\CSDLDPT\data_processed_gray_bmp\horse\horse_0028.bmp,224,224,gray=0.299R+0.587G+0.114B
horse,D:\CSDLDPT\data_processed_bmp\horse\horse_0029.bmp,D:\CSDLDPT\data_processed_gray_bmp\horse\horse_0029.bmp,224,224,gray=0.299R+0.587G+0.114B
horse,D:\CSDLDPT\data_processed_bmp\horse\horse_0030.bmp,D:\CSDLDPT\data_processed_gray_bmp\horse\horse_0030.bmp,224,224,gray=0.299R+0.587G+0.114B
horse,D:\CSDLDPT\data_processed_bmp\horse\horse_0031.bmp,D:\CSDLDPT\data_processed_gray_bmp\horse\horse_0031.bmp,224,224,gray=0.299R+0.587G+0.114B
horse,D:\CSDLDPT\data_processed_bmp\horse\horse_0032.bmp,D:\CSDLDPT\data_processed_gray_bmp\horse\horse_0032.bmp,224,224,gray=0.299R+0.587G+0.114B
horse,D:\CSDLDPT\data_processed_bmp\horse\horse_0033.bmp,D:\CSDLDPT\data_processed_gray_bmp\horse\horse_0033.bmp,224,224,gray=0.299R+0.587G+0.114B
horse,D:\CSDLDPT\data_processed_bmp\horse\horse_0034.bmp,D:\CSDLDPT\data_processed_gray_bmp\horse\horse_0034.bmp,224,224,gray=0.299R+0.587G+0.114B
horse,D:\CSDLDPT\data_processed_bmp\horse\horse_0035.bmp,D:\CSDLDPT\data_processed_gray_bmp\horse\horse_0035.bmp,224,224,gray=0.299R+0.587G+0.114B
horse,D:\CSDLDPT\data_processed_bmp\horse\horse_0036.bmp,D:\CSDLDPT\data_processed_gray_bmp\horse\horse_0036.bmp,224,224,gray=0.299R+0.587G+0.114B
horse,D:\CSDLDPT\data_processed_bmp\horse\horse_0037.bmp,D:\CSDLDPT\data_processed_gray_bmp\horse\horse_0037.bmp,224,224,gray=0.299R+0.587G+0.114B
horse,D:\CSDLDPT\data_processed_bmp\horse\horse_0038.bmp,D:\CSDLDPT\data_processed_gray_bmp\horse\horse_0038.bmp,224,224,gray=0.299R+0.587G+0.114B
horse,D:\CSDLDPT\data_processed_bmp\horse\horse_0039.bmp,D:\CSDLDPT\data_processed_gray_bmp\horse\horse_0039.bmp,224,224,gray=0.299R+0.587G+0.114B
pig,D:\CSDLDPT\data_processed_bmp\pig\pig_0001.bmp,D:\CSDLDPT\data_processed_gray_bmp\pig\pig_0001.bmp,224,224,gray=0.299R+0.587G+0.114B
pig,D:\CSDLDPT\data_processed_bmp\pig\pig_0002.bmp,D:\CSDLDPT\data_processed_gray_bmp\pig\pig_0002.bmp,224,224,gray=0.299R+0.587G+0.114B
pig,D:\CSDLDPT\data_processed_bmp\pig\pig_0003.bmp,D:\CSDLDPT\data_processed_gray_bmp\pig\pig_0003.bmp,224,224,gray=0.299R+0.587G+0.114B
pig,D:\CSDLDPT\data_processed_bmp\pig\pig_0004.bmp,D:\CSDLDPT\data_processed_gray_bmp\pig\pig_0004.bmp,224,224,gray=0.299R+0.587G+0.114B
pig,D:\CSDLDPT\data_processed_bmp\pig\pig_0005.bmp,D:\CSDLDPT\data_processed_gray_bmp\pig\pig_0005.bmp,224,224,gray=0.299R+0.587G+0.114B
pig,D:\CSDLDPT\data_processed_bmp\pig\pig_0006.bmp,D:\CSDLDPT\data_processed_gray_bmp\pig\pig_0006.bmp,224,224,gray=0.299R+0.587G+0.114B
pig,D:\CSDLDPT\data_processed_bmp\pig\pig_0007.bmp,D:\CSDLDPT\data_processed_gray_bmp\pig\pig_0007.bmp,224,224,gray=0.299R+0.587G+0.114B
pig,D:\CSDLDPT\data_processed_bmp\pig\pig_0008.bmp,D:\CSDLDPT\data_processed_gray_bmp\pig\pig_0008.bmp,224,224,gray=0.299R+0.587G+0.114B
pig,D:\CSDLDPT\data_processed_bmp\pig\pig_0009.bmp,D:\CSDLDPT\data_processed_gray_bmp\pig\pig_0009.bmp,224,224,gray=0.299R+0.587G+0.114B
pig,D:\CSDLDPT\data_processed_bmp\pig\pig_0010.bmp,D:\CSDLDPT\data_processed_gray_bmp\pig\pig_0010.bmp,224,224,gray=0.299R+0.587G+0.114B
pig,D:\CSDLDPT\data_processed_bmp\pig\pig_0011.bmp,D:\CSDLDPT\data_processed_gray_bmp\pig\pig_0011.bmp,224,224,gray=0.299R+0.587G+0.114B
pig,D:\CSDLDPT\data_processed_bmp\pig\pig_0012.bmp,D:\CSDLDPT\data_processed_gray_bmp\pig\pig_0012.bmp,224,224,gray=0.299R+0.587G+0.114B
pig,D:\CSDLDPT\data_processed_bmp\pig\pig_0013.bmp,D:\CSDLDPT\data_processed_gray_bmp\pig\pig_0013.bmp,224,224,gray=0.299R+0.587G+0.114B
pig,D:\CSDLDPT\data_processed_bmp\pig\pig_0014.bmp,D:\CSDLDPT\data_processed_gray_bmp\pig\pig_0014.bmp,224,224,gray=0.299R+0.587G+0.114B
pig,D:\CSDLDPT\data_processed_bmp\pig\pig_0015.bmp,D:\CSDLDPT\data_processed_gray_bmp\pig\pig_0015.bmp,224,224,gray=0.299R+0.587G+0.114B
pig,D:\CSDLDPT\data_processed_bmp\pig\pig_0016.bmp,D:\CSDLDPT\data_processed_gray_bmp\pig\pig_0016.bmp,224,224,gray=0.299R+0.587G+0.114B
pig,D:\CSDLDPT\data_processed_bmp\pig\pig_0017.bmp,D:\CSDLDPT\data_processed_gray_bmp\pig\pig_0017.bmp,224,224,gray=0.299R+0.587G+0.114B
rabbit,D:\CSDLDPT\data_processed_bmp\rabbit\rabbit_0001.bmp,D:\CSDLDPT\data_processed_gray_bmp\rabbit\rabbit_0001.bmp,224,224,gray=0.299R+0.587G+0.114B
rabbit,D:\CSDLDPT\data_processed_bmp\rabbit\rabbit_0002.bmp,D:\CSDLDPT\data_processed_gray_bmp\rabbit\rabbit_0002.bmp,224,224,gray=0.299R+0.587G+0.114B
rabbit,D:\CSDLDPT\data_processed_bmp\rabbit\rabbit_0003.bmp,D:\CSDLDPT\data_processed_gray_bmp\rabbit\rabbit_0003.bmp,224,224,gray=0.299R+0.587G+0.114B
rabbit,D:\CSDLDPT\data_processed_bmp\rabbit\rabbit_0004.bmp,D:\CSDLDPT\data_processed_gray_bmp\rabbit\rabbit_0004.bmp,224,224,gray=0.299R+0.587G+0.114B
rabbit,D:\CSDLDPT\data_processed_bmp\rabbit\rabbit_0005.bmp,D:\CSDLDPT\data_processed_gray_bmp\rabbit\rabbit_0005.bmp,224,224,gray=0.299R+0.587G+0.114B
rabbit,D:\CSDLDPT\data_processed_bmp\rabbit\rabbit_0006.bmp,D:\CSDLDPT\data_processed_gray_bmp\rabbit\rabbit_0006.bmp,224,224,gray=0.299R+0.587G+0.114B
rabbit,D:\CSDLDPT\data_processed_bmp\rabbit\rabbit_0007.bmp,D:\CSDLDPT\data_processed_gray_bmp\rabbit\rabbit_0007.bmp,224,224,gray=0.299R+0.587G+0.114B
rabbit,D:\CSDLDPT\data_processed_bmp\rabbit\rabbit_0008.bmp,D:\CSDLDPT\data_processed_gray_bmp\rabbit\rabbit_0008.bmp,224,224,gray=0.299R+0.587G+0.114B
rabbit,D:\CSDLDPT\data_processed_bmp\rabbit\rabbit_0009.bmp,D:\CSDLDPT\data_processed_gray_bmp\rabbit\rabbit_0009.bmp,224,224,gray=0.299R+0.587G+0.114B
rabbit,D:\CSDLDPT\data_processed_bmp\rabbit\rabbit_0010.bmp,D:\CSDLDPT\data_processed_gray_bmp\rabbit\rabbit_0010.bmp,224,224,gray=0.299R+0.587G+0.114B
rabbit,D:\CSDLDPT\data_processed_bmp\rabbit\rabbit_0011.bmp,D:\CSDLDPT\data_processed_gray_bmp\rabbit\rabbit_0011.bmp,224,224,gray=0.299R+0.587G+0.114B
rabbit,D:\CSDLDPT\data_processed_bmp\rabbit\rabbit_0012.bmp,D:\CSDLDPT\data_processed_gray_bmp\rabbit\rabbit_0012.bmp,224,224,gray=0.299R+0.587G+0.114B
rabbit,D:\CSDLDPT\data_processed_bmp\rabbit\rabbit_0013.bmp,D:\CSDLDPT\data_processed_gray_bmp\rabbit\rabbit_0013.bmp,224,224,gray=0.299R+0.587G+0.114B
rabbit,D:\CSDLDPT\data_processed_bmp\rabbit\rabbit_0014.bmp,D:\CSDLDPT\data_processed_gray_bmp\rabbit\rabbit_0014.bmp,224,224,gray=0.299R+0.587G+0.114B
rabbit,D:\CSDLDPT\data_processed_bmp\rabbit\rabbit_0015.bmp,D:\CSDLDPT\data_processed_gray_bmp\rabbit\rabbit_0015.bmp,224,224,gray=0.299R+0.587G+0.114B
rabbit,D:\CSDLDPT\data_processed_bmp\rabbit\rabbit_0016.bmp,D:\CSDLDPT\data_processed_gray_bmp\rabbit\rabbit_0016.bmp,224,224,gray=0.299R+0.587G+0.114B
rabbit,D:\CSDLDPT\data_processed_bmp\rabbit\rabbit_0017.bmp,D:\CSDLDPT\data_processed_gray_bmp\rabbit\rabbit_0017.bmp,224,224,gray=0.299R+0.587G+0.114B
rabbit,D:\CSDLDPT\data_processed_bmp\rabbit\rabbit_0018.bmp,D:\CSDLDPT\data_processed_gray_bmp\rabbit\rabbit_0018.bmp,224,224,gray=0.299R+0.587G+0.114B
rabbit,D:\CSDLDPT\data_processed_bmp\rabbit\rabbit_0019.bmp,D:\CSDLDPT\data_processed_gray_bmp\rabbit\rabbit_0019.bmp,224,224,gray=0.299R+0.587G+0.114B
rabbit,D:\CSDLDPT\data_processed_bmp\rabbit\rabbit_0020.bmp,D:\CSDLDPT\data_processed_gray_bmp\rabbit\rabbit_0020.bmp,224,224,gray=0.299R+0.587G+0.114B
rabbit,D:\CSDLDPT\data_processed_bmp\rabbit\rabbit_0021.bmp,D:\CSDLDPT\data_processed_gray_bmp\rabbit\rabbit_0021.bmp,224,224,gray=0.299R+0.587G+0.114B
rabbit,D:\CSDLDPT\data_processed_bmp\rabbit\rabbit_0022.bmp,D:\CSDLDPT\data_processed_gray_bmp\rabbit\rabbit_0022.bmp,224,224,gray=0.299R+0.587G+0.114B
rhino,D:\CSDLDPT\data_processed_bmp\rhino\rhino_0001.bmp,D:\CSDLDPT\data_processed_gray_bmp\rhino\rhino_0001.bmp,224,224,gray=0.299R+0.587G+0.114B
rhino,D:\CSDLDPT\data_processed_bmp\rhino\rhino_0002.bmp,D:\CSDLDPT\data_processed_gray_bmp\rhino\rhino_0002.bmp,224,224,gray=0.299R+0.587G+0.114B
rhino,D:\CSDLDPT\data_processed_bmp\rhino\rhino_0003.bmp,D:\CSDLDPT\data_processed_gray_bmp\rhino\rhino_0003.bmp,224,224,gray=0.299R+0.587G+0.114B
rhino,D:\CSDLDPT\data_processed_bmp\rhino\rhino_0004.bmp,D:\CSDLDPT\data_processed_gray_bmp\rhino\rhino_0004.bmp,224,224,gray=0.299R+0.587G+0.114B
rhino,D:\CSDLDPT\data_processed_bmp\rhino\rhino_0005.bmp,D:\CSDLDPT\data_processed_gray_bmp\rhino\rhino_0005.bmp,224,224,gray=0.299R+0.587G+0.114B
rhino,D:\CSDLDPT\data_processed_bmp\rhino\rhino_0006.bmp,D:\CSDLDPT\data_processed_gray_bmp\rhino\rhino_0006.bmp,224,224,gray=0.299R+0.587G+0.114B
rhino,D:\CSDLDPT\data_processed_bmp\rhino\rhino_0007.bmp,D:\CSDLDPT\data_processed_gray_bmp\rhino\rhino_0007.bmp,224,224,gray=0.299R+0.587G+0.114B
rhino,D:\CSDLDPT\data_processed_bmp\rhino\rhino_0008.bmp,D:\CSDLDPT\data_processed_gray_bmp\rhino\rhino_0008.bmp,224,224,gray=0.299R+0.587G+0.114B
rhino,D:\CSDLDPT\data_processed_bmp\rhino\rhino_0009.bmp,D:\CSDLDPT\data_processed_gray_bmp\rhino\rhino_0009.bmp,224,224,gray=0.299R+0.587G+0.114B
rhino,D:\CSDLDPT\data_processed_bmp\rhino\rhino_0010.bmp,D:\CSDLDPT\data_processed_gray_bmp\rhino\rhino_0010.bmp,224,224,gray=0.299R+0.587G+0.114B
rhino,D:\CSDLDPT\data_processed_bmp\rhino\rhino_0011.bmp,D:\CSDLDPT\data_processed_gray_bmp\rhino\rhino_0011.bmp,224,224,gray=0.299R+0.587G+0.114B
rhino,D:\CSDLDPT\data_processed_bmp\rhino\rhino_0012.bmp,D:\CSDLDPT\data_processed_gray_bmp\rhino\rhino_0012.bmp,224,224,gray=0.299R+0.587G+0.114B
rhino,D:\CSDLDPT\data_processed_bmp\rhino\rhino_0013.bmp,D:\CSDLDPT\data_processed_gray_bmp\rhino\rhino_0013.bmp,224,224,gray=0.299R+0.587G+0.114B
rhino,D:\CSDLDPT\data_processed_bmp\rhino\rhino_0014.bmp,D:\CSDLDPT\data_processed_gray_bmp\rhino\rhino_0014.bmp,224,224,gray=0.299R+0.587G+0.114B
rhino,D:\CSDLDPT\data_processed_bmp\rhino\rhino_0015.bmp,D:\CSDLDPT\data_processed_gray_bmp\rhino\rhino_0015.bmp,224,224,gray=0.299R+0.587G+0.114B
rhino,D:\CSDLDPT\data_processed_bmp\rhino\rhino_0016.bmp,D:\CSDLDPT\data_processed_gray_bmp\rhino\rhino_0016.bmp,224,224,gray=0.299R+0.587G+0.114B
rhino,D:\CSDLDPT\data_processed_bmp\rhino\rhino_0017.bmp,D:\CSDLDPT\data_processed_gray_bmp\rhino\rhino_0017.bmp,224,224,gray=0.299R+0.587G+0.114B
tiger,D:\CSDLDPT\data_processed_bmp\tiger\tiger_0001.bmp,D:\CSDLDPT\data_processed_gray_bmp\tiger\tiger_0001.bmp,224,224,gray=0.299R+0.587G+0.114B
tiger,D:\CSDLDPT\data_processed_bmp\tiger\tiger_0002.bmp,D:\CSDLDPT\data_processed_gray_bmp\tiger\tiger_0002.bmp,224,224,gray=0.299R+0.587G+0.114B
tiger,D:\CSDLDPT\data_processed_bmp\tiger\tiger_0003.bmp,D:\CSDLDPT\data_processed_gray_bmp\tiger\tiger_0003.bmp,224,224,gray=0.299R+0.587G+0.114B
tiger,D:\CSDLDPT\data_processed_bmp\tiger\tiger_0004.bmp,D:\CSDLDPT\data_processed_gray_bmp\tiger\tiger_0004.bmp,224,224,gray=0.299R+0.587G+0.114B
tiger,D:\CSDLDPT\data_processed_bmp\tiger\tiger_0005.bmp,D:\CSDLDPT\data_processed_gray_bmp\tiger\tiger_0005.bmp,224,224,gray=0.299R+0.587G+0.114B
tiger,D:\CSDLDPT\data_processed_bmp\tiger\tiger_0006.bmp,D:\CSDLDPT\data_processed_gray_bmp\tiger\tiger_0006.bmp,224,224,gray=0.299R+0.587G+0.114B
tiger,D:\CSDLDPT\data_processed_bmp\tiger\tiger_0007.bmp,D:\CSDLDPT\data_processed_gray_bmp\tiger\tiger_0007.bmp,224,224,gray=0.299R+0.587G+0.114B
tiger,D:\CSDLDPT\data_processed_bmp\tiger\tiger_0008.bmp,D:\CSDLDPT\data_processed_gray_bmp\tiger\tiger_0008.bmp,224,224,gray=0.299R+0.587G+0.114B
tiger,D:\CSDLDPT\data_processed_bmp\tiger\tiger_0009.bmp,D:\CSDLDPT\data_processed_gray_bmp\tiger\tiger_0009.bmp,224,224,gray=0.299R+0.587G+0.114B
tiger,D:\CSDLDPT\data_processed_bmp\tiger\tiger_0010.bmp,D:\CSDLDPT\data_processed_gray_bmp\tiger\tiger_0010.bmp,224,224,gray=0.299R+0.587G+0.114B
tiger,D:\CSDLDPT\data_processed_bmp\tiger\tiger_0011.bmp,D:\CSDLDPT\data_processed_gray_bmp\tiger\tiger_0011.bmp,224,224,gray=0.299R+0.587G+0.114B
tiger,D:\CSDLDPT\data_processed_bmp\tiger\tiger_0012.bmp,D:\CSDLDPT\data_processed_gray_bmp\tiger\tiger_0012.bmp,224,224,gray=0.299R+0.587G+0.114B
tiger,D:\CSDLDPT\data_processed_bmp\tiger\tiger_0013.bmp,D:\CSDLDPT\data_processed_gray_bmp\tiger\tiger_0013.bmp,224,224,gray=0.299R+0.587G+0.114B
tiger,D:\CSDLDPT\data_processed_bmp\tiger\tiger_0014.bmp,D:\CSDLDPT\data_processed_gray_bmp\tiger\tiger_0014.bmp,224,224,gray=0.299R+0.587G+0.114B
tiger,D:\CSDLDPT\data_processed_bmp\tiger\tiger_0015.bmp,D:\CSDLDPT\data_processed_gray_bmp\tiger\tiger_0015.bmp,224,224,gray=0.299R+0.587G+0.114B
zebra,D:\CSDLDPT\data_processed_bmp\zebra\zebra_0001.bmp,D:\CSDLDPT\data_processed_gray_bmp\zebra\zebra_0001.bmp,224,224,gray=0.299R+0.587G+0.114B
zebra,D:\CSDLDPT\data_processed_bmp\zebra\zebra_0002.bmp,D:\CSDLDPT\data_processed_gray_bmp\zebra\zebra_0002.bmp,224,224,gray=0.299R+0.587G+0.114B
zebra,D:\CSDLDPT\data_processed_bmp\zebra\zebra_0003.bmp,D:\CSDLDPT\data_processed_gray_bmp\zebra\zebra_0003.bmp,224,224,gray=0.299R+0.587G+0.114B
zebra,D:\CSDLDPT\data_processed_bmp\zebra\zebra_0004.bmp,D:\CSDLDPT\data_processed_gray_bmp\zebra\zebra_0004.bmp,224,224,gray=0.299R+0.587G+0.114B
zebra,D:\CSDLDPT\data_processed_bmp\zebra\zebra_0005.bmp,D:\CSDLDPT\data_processed_gray_bmp\zebra\zebra_0005.bmp,224,224,gray=0.299R+0.587G+0.114B
zebra,D:\CSDLDPT\data_processed_bmp\zebra\zebra_0006.bmp,D:\CSDLDPT\data_processed_gray_bmp\zebra\zebra_0006.bmp,224,224,gray=0.299R+0.587G+0.114B
zebra,D:\CSDLDPT\data_processed_bmp\zebra\zebra_0007.bmp,D:\CSDLDPT\data_processed_gray_bmp\zebra\zebra_0007.bmp,224,224,gray=0.299R+0.587G+0.114B
zebra,D:\CSDLDPT\data_processed_bmp\zebra\zebra_0008.bmp,D:\CSDLDPT\data_processed_gray_bmp\zebra\zebra_0008.bmp,224,224,gray=0.299R+0.587G+0.114B
zebra,D:\CSDLDPT\data_processed_bmp\zebra\zebra_0009.bmp,D:\CSDLDPT\data_processed_gray_bmp\zebra\zebra_0009.bmp,224,224,gray=0.299R+0.587G+0.114B
zebra,D:\CSDLDPT\data_processed_bmp\zebra\zebra_0010.bmp,D:\CSDLDPT\data_processed_gray_bmp\zebra\zebra_0010.bmp,224,224,gray=0.299R+0.587G+0.114B
zebra,D:\CSDLDPT\data_processed_bmp\zebra\zebra_0011.bmp,D:\CSDLDPT\data_processed_gray_bmp\zebra\zebra_0011.bmp,224,224,gray=0.299R+0.587G+0.114B
zebra,D:\CSDLDPT\data_processed_bmp\zebra\zebra_0012.bmp,D:\CSDLDPT\data_processed_gray_bmp\zebra\zebra_0012.bmp,224,224,gray=0.299R+0.587G+0.114B
zebra,D:\CSDLDPT\data_processed_bmp\zebra\zebra_0013.bmp,D:\CSDLDPT\data_processed_gray_bmp\zebra\zebra_0013.bmp,224,224,gray=0.299R+0.587G+0.114B
zebra,D:\CSDLDPT\data_processed_bmp\zebra\zebra_0014.bmp,D:\CSDLDPT\data_processed_gray_bmp\zebra\zebra_0014.bmp,224,224,gray=0.299R+0.587G+0.114B
zebra,D:\CSDLDPT\data_processed_bmp\zebra\zebra_0015.bmp,D:\CSDLDPT\data_processed_gray_bmp\zebra\zebra_0015.bmp,224,224,gray=0.299R+0.587G+0.114B
zebra,D:\CSDLDPT\data_processed_bmp\zebra\zebra_0016.bmp,D:\CSDLDPT\data_processed_gray_bmp\zebra\zebra_0016.bmp,224,224,gray=0.299R+0.587G+0.114B
zebra,D:\CSDLDPT\data_processed_bmp\zebra\zebra_0017.bmp,D:\CSDLDPT\data_processed_gray_bmp\zebra\zebra_0017.bmp,224,224,gray=0.299R+0.587G+0.114B
zebra,D:\CSDLDPT\data_processed_bmp\zebra\zebra_0018.bmp,D:\CSDLDPT\data_processed_gray_bmp\zebra\zebra_0018.bmp,224,224,gray=0.299R+0.587G+0.114B
zebra,D:\CSDLDPT\data_processed_bmp\zebra\zebra_0019.bmp,D:\CSDLDPT\data_processed_gray_bmp\zebra\zebra_0019.bmp,224,224,gray=0.299R+0.587G+0.114B
